0,1,2,3,4,5,6,7,8,9,10,11,12,13,14,15,16,17,18,19,20,21,22,23,24,25,26,27,28,29,30,31,32,33,34,35,36,37,38,39,40,41,42,43,44,45,46,47,48,49,50,51,52,53,54,55,56,57,58,59,60,61,62,63,64,65,66,67,68,69,70,71,72,73,74,75,76,77,78,79,80,81,82,83,84,85,86,87,88,89,90,91,92,93,94,95,96,97,98,99,100,101,102,103,104,105,106,107,108,109,110,111,112,113
50.30202,0.12039528,0.34698024,50.01698684692383,51.25583,49.46704,51200,1.7887878,2575463.5,11874.210345536492,64947423.22934185,8058.996415766783,-4978985282.825285,,20.241596,5754.5244,75.85858,124.07829146180366,17369.834033127656,-25.503933,0.2619386,0.5117994,-25.3731746673584,-23.130072,-27.581175,0,4.451103,1305801.4,10078.343764225618,70403999.45195457,8390.709114964871,174356066174.37354,,52.495907,10655.435,103.22517,62.0266046014735,6055.74710259118,-26.354399,0.12261837,0.35016906,-26.465545654296875,-24.142883,-27.815323,0,3.6724396,1349345.1,7277.443999064144,58656788.769529656,7658.772014463523,417839175092.45465,,36.95177,4912.6313,70.090164,19.15859665623923,1058.1581346740445,0.034841146,0.002720312,0.05215661,0.023944780230522156,0.26159415,-0.19320917,38302,0.45480332,1783.8667,16014.71697483526,54093160.14353452,7354.805241713374,-304396293472.7923,,8.542401,66.30775,8.142957,2.5007697586785085,17.123344494407007,-0.0016338028,0.0023313444,0.048283998,-0.004385643173009157,0.18478455,-0.20087384,24895,0.38565838,83.65071,16644.59043815018,40746382.79785582,6383.289339976359,-190546727357.3152,,7.8466907,57.79569,7.6023474,2.67677349560734,13.54395274370222,0.020212304,0.0062031243,0.078759916,0.014622746035456657,0.32869354,-0.31190827,30875,0.6406018,1034.87,15801.03244746987,41579914.76306852,6448.248968756442,-90808812544.05565,,13.402706,137.97073,11.746095,2.3175916876012064,9.496125382691508
50.30784,0.12020468,0.34670547,50.14151382446289,51.23397,49.44663,51200,1.7873421,2575761.5,11875.374734377443,64841202.85407389,8052.403545158048,-4758026029.10172,,20.08764,5750.965,75.83511,124.14896829671532,17385.7211042732,-25.51032,0.25800577,0.5079427,-25.36866569519043,-23.356417,-27.581175,0,4.224758,1306128.4,10097.126449442589,70341668.39887893,8386.99400255413,170451265129.25943,,51.912598,10514.972,102.542534,63.33478616214935,6235.35307295205,-26.358755,0.11962364,0.3458665,-26.563684463500977,-24.150244,-27.996876,0,3.846632,1349568.1,7295.113027733083,58817504.88384427,7669.257127248002,416984684380.3215,,36.601097,4785.09,69.17435,19.791967293206998,1117.6188259423545,0.034867637,0.0026830714,0.051798373,0.03943834826350212,0.26159415,-0.17649563,38353,0.4380898,1785.2229,16026.720908999661,53728608.66965964,7329.980127507825,-302438976582.92163,,8.49629,65.19865,8.074568,2.548602080349015,18.64407237470119,-0.0016627295,0.0023429678,0.048404213,-0.004385643173009157,0.20100611,-0.20087384,24962,0.40187997,85.13176,16624.9755249799,40880721.99281166,6393.803405861933,-191886475424.91257,,7.858466,58.208073,7.6294217,2.6894027217275966,13.81263168223589,0.019170742,0.0062243505,0.078894556,0.021830126643180847,0.32869354,-0.31190827,30510,0.6406018,981.5421,15772.197767330148,41316329.864778265,6427.777988136979,-89358169988.46637,,13.443677,137.95457,11.745406,2.297033834089853,8.955000400121417
50.305,0.120017186,0.34643498,50.059322357177734,51.211422,49.439228,51200,1.7721939,2575616.0,11868.543542936108,65089482.788218826,8067.805326618809,-3784065065.678433,,20.100729,5740.839,75.768326,124.31523598165819,17428.913071468425,-25.509144,0.25818604,0.5081201,-25.62491798400879,-23.286459,-27.631498,0,4.3450394,1306068.1,10070.549389830916,70343183.78433488,8387.084343461373,174369241618.72156,,51.86367,10529.277,102.61227,63.125738559927484,6217.073572694381,-26.357935,0.119655125,0.345912,-26.552783966064453,-24.337654,-28.047934,0,3.7102795,1349526.2,7305.475778557361,58950858.56981969,7677.9462468696465,417931886729.0105,,36.471676,4796.154,69.25427,19.86378485036277,1126.1204384398368,0.035175737,0.0026856074,0.051822845,0.03882836550474167,0.25037047,-0.17527567,38483,0.42564613,1800.9977,16046.137511505181,53572307.842973046,7319.310612549043,-303049929240.76843,,8.523083,64.8605,8.053601,2.4490208593599,17.79635428907199,-0.0012892449,0.002319864,0.048164967,0.00390808517113328,0.20100611,-0.18440835,25192,0.38541448,66.00934,16613.235521976687,41064347.70638304,6408.146979149514,-191539047154.99957,,7.850078,57.157326,7.5602465,2.629942046944866,12.793956631763468,0.019415421,0.0062666964,0.07916247,0.03209148347377777,0.32649466,-0.30518952,30470,0.6316842,994.06946,15772.280438979204,41216508.8005222,6420.008473555327,-89871928772.16757,,13.439842,140.22552,11.841686,2.3292526593007037,9.144444830104016
50.29624,0.1194547,0.34562218,49.95363998413086,51.20744,49.40859,51200,1.798851,2575167.5,11875.126679333944,65025636.75517075,8063.847515619994,-3764214296.978818,,20.222584,5707.131,75.545555,124.42339691133819,17455.4581634849,-25.509758,0.26385018,0.5136635,-25.54121208190918,-22.979477,-28.01157,0,5.032093,1306099.6,9994.12995525121,70295646.23004048,8384.249890720128,183419850493.3808,,52.713028,10730.468,103.587975,61.192900997730824,5957.551343772455,-26.360987,0.1245997,0.35298684,-26.501943588256836,-24.337654,-28.089563,0,3.7519093,1349682.5,7264.144512822448,58652967.35676994,7658.522530930489,419508399829.9781,,37.13137,5000.773,70.71614,19.03973987385684,1053.6278214357858,0.036243483,0.0027175106,0.05212975,0.04273225739598274,0.23939078,-0.17320172,38740,0.4125925,1855.6663,16025.595996104817,53819721.65992297,7336.192586070991,-304178624401.9937,,8.541055,66.19338,8.135932,2.509757001202382,17.472111621622645,-0.0011589051,0.0023025372,0.04798476,-0.009874140843749046,0.18941928,-0.19038472,25183,0.37980402,59.335934,16604.18059999745,40947440.679965116,6399.0187278961075,-190031777636.1756,,7.8183327,56.764103,7.5341954,2.6070644266414815,12.973816230401026,0.01987449,0.006200748,0.07874483,0.034656822681427,0.41054007,-0.3072662,30685,0.7178063,1017.5739,15777.383146308954,41268428.70703456,6424.050802027842,-90402365352.69629,,13.379339,138.47491,11.767536,2.3052113091543633,8.837403875070397
50.29182,0.119659655,0.34591857,49.84548568725586,51.20512,49.40859,51200,1.7965317,2574941.5,11909.683368606196,65101070.477394946,8068.523438485814,-6586392165.70566,,20.079124,5723.408,75.65321,124.32999158302768,17420.869195035248,-25.51381,0.26203528,0.5118938,-25.31264305114746,-22.979477,-28.01157,0,5.032093,1306306.8,10055.034114304151,70389032.2823847,8389.817178126392,178069735962.58932,,52.360844,10674.568,103.3178,62.04088741564051,6057.0848656551125,-26.365322,0.12247298,0.3499614,-26.553409576416016,-24.201427,-28.089563,0,3.888136,1349904.5,7306.52517388638,58900651.408392824,7674.675980677805,418342548602.0057,,36.72881,4921.618,70.15424,19.49459979718807,1088.8696729722808,0.036993362,0.002682998,0.051797666,0.014551041647791862,0.23939078,-0.18613337,38981,0.42552415,1894.06,16039.041046793976,53766735.344207674,7332.5804014826645,-302570696223.49304,,8.508858,64.96911,8.060342,2.4670035273974675,16.621060267196505,-0.0013622938,0.00230866,0.048048515,-0.009874140843749046,0.18941928,-0.19684894,25033,0.38626823,69.74945,16620.29183724481,40893101.88585167,6394.771449070848,-189401066126.67334,,7.826214,56.953827,7.546776,2.5898286627934017,12.395525511785907,0.019734874,0.0062123835,0.07881867,0.02158580906689167,0.41054007,-0.32436848,30567,0.7349086,1010.42554,15764.14011114229,41286712.611164175,6425.47372659512,-89101310445.11,,13.333065,140.30623,11.845093,2.519901630470475,11.440929408028847
50.296844,0.120021135,0.34644067,49.893463134765625,51.25178,49.445343,51200,1.8064384,2575198.2,11887.406923314866,65239311.337778896,8077.085572022801,-5524174989.722096,,20.024101,5744.1255,75.79001,124.07850683248859,17364.166583708367,-25.507269,0.26119974,0.51107705,-25.804759979248047,-23.307001,-27.508368,0,4.2013664,1305972.1,10052.153846958643,70603345.16768989,8402.579673391374,178939075104.06564,,52.15555,10653.267,103.21466,62.62124373785433,6133.496803126406,-26.35746,0.12083104,0.3476076,-26.604717254638672,-24.201427,-27.785564,0,3.584137,1349502.0,7278.608151011809,58841414.64701411,7670.815774545372,419604878263.6138,,36.616817,4845.7764,69.61161,19.700662568872765,1106.465780074098,0.036631156,0.0027042544,0.052002445,0.03638843446969986,0.23268096,-0.18613337,38756,0.41881433,1875.515,16038.98038836836,53768014.307103805,7332.667611933859,-303585031302.6707,,8.5445595,65.45038,8.09014,2.425401802788499,16.311831249377306,-0.00045599864,0.0023451953,0.048427217,-0.002556144492700696,0.21015361,-0.19684894,25384,0.40700257,23.347132,16637.240674676865,41090512.121276736,6410.188150224355,-192705151184.8089,,7.853385,58.398926,7.641919,2.635950384595946,12.151117065915763,0.020046242,0.006353056,0.07970606,0.017676720395684242,0.3687617,-0.32436848,30609,0.69313014,1026.3674,15809.506074066596,41360348.21405945,6431.201148623751,-92256127389.9428,,13.448922,144.404,12.016822,2.495902291180399,10.819040405395908
50.29871,0.11970665,0.3459865,50.40489959716797,51.25178,49.426933,51200,1.8248482,2575294.0,11897.477473400073,65124709.224382676,8069.988179940704,-6550104460.996127,,20.076788,5725.9233,75.66983,124.09235461691432,17368.55772064411,-25.504028,0.2602037,0.5101016,-25.646806716918945,-22.790459,-27.512157,0,4.7216988,1305806.2,10067.572119612087,70517196.70346896,8397.45179822242,176649372021.96426,,52.05831,10612.354,103.01628,62.74032655739192,6155.3399281561215,-26.352734,0.12045503,0.3470663,-26.413110733032227,-24.20691,-28.110706,0,3.9037971,1349260.0,7303.915008475764,58908588.35972925,7675.193050323181,418091415480.1043,,36.510143,4834.31,69.529205,19.82276588627985,1118.193118973393,0.03605586,0.0027136346,0.05209256,0.03638843446969986,0.24683256,-0.16600393,38643,0.4128365,1846.0598,16032.586751732608,53632812.7684572,7323.442685544634,-303882155946.0753,,8.541579,65.97952,8.122778,2.4591985304534,16.533275041061483,-0.0004949065,0.0023396336,0.048369758,-0.008776441216468811,0.21015361,-0.21733932,25415,0.42749292,25.33921,16638.817663470905,40918134.1117046,6396.728391271948,-192838148105.62436,,7.834193,58.41607,7.6430407,2.633014226577331,12.386805507422924,0.020062402,0.006259784,0.079118796,0.042719315737485886,0.3687617,-0.30128044,30764,0.67004216,1027.1948,15801.555633393258,41213459.40408956,6419.770977541922,-91492833397.91306,,13.418365,140.44897,11.851117,2.2978019540297576,8.509884443282807
50.310078,0.11997507,0.34637418,50.40489959716797,51.198597,49.426933,51200,1.7716637,2575876.0,11883.20612284204,65224299.19645375,8076.156214218107,-5825368162.737403,,20.140882,5737.0977,75.74363,123.67351821304965,17289.15869115845,-25.505404,0.2627512,0.5125926,-25.540679931640625,-22.790459,-27.647564,0,4.8571053,1305876.8,10019.608826218608,70228887.97919095,8380.267774909758,181281329413.54968,,52.537125,10692.715,103.40559,62.0172589358166,6050.9113696556315,-26.351147,0.12294248,0.35063154,-26.3732967376709,-24.391281,-28.110706,0,3.7194252,1349178.8,7277.172777961513,58591082.78981575,7654.481222775045,418094504645.5401,,36.968143,4928.015,70.19982,19.313387187346454,1074.343172847259,0.036501314,0.0027154947,0.052110408,0.038096386939287186,0.24683256,-0.19089124,38868,0.43772382,1868.8672,15986.215380760348,53931648.4556288,7343.81702220506,-302410628813.9264,,8.511334,66.599464,8.16085,2.5247470773153644,17.82606369434562,-0.0014135103,0.0023303356,0.04827355,-0.011581672355532646,0.19161469,-0.24026905,25114,0.43188375,72.371735,16621.857409524357,40890859.25683172,6394.596098021494,-189817658664.68225,,7.820462,58.153564,7.6258483,2.764235641358298,15.056516146084343,0.019612225,0.0061895805,0.078673884,0.02879318967461586,0.33846626,-0.31288552,30651,0.6513518,1004.1459,15761.28115350383,41057694.60092664,6407.627845070798,-88614164642.38416,,13.404623,137.22263,11.714206,2.33022064268448,9.246920102577144
50.31501,0.11950174,0.34569025,50.02027893066406,51.198223,49.480747,51200,1.7174759,2576128.2,11840.207804830416,65439847.737104565,8089.489955312669,-1868905973.200825,,20.369972,5703.56,75.52192,123.58640873029655,17273.451521348412,-25.504084,0.2717837,0.5213288,-25.786941528320312,-22.700176,-27.647564,0,4.9473877,1305809.2,9894.110701001548,70287120.8790122,8383.741460649428,196345285904.83368,,53.67817,11033.977,105.04274,59.5249403908592,5716.010734669976,-26.356195,0.13093397,0.361848,-26.33194923400879,-24.277388,-28.139648,0,3.8622608,1349437.0,7189.332536650308,58144844.23812498,7625.276666333162,422001656960.87756,,38.012917,5258.8394,72.51785,17.789389715411648,938.5774358986326,0.036297377,0.0027543486,0.05248189,0.029434626922011375,0.25756827,-0.19089124,38704,0.4484595,1858.4255,15929.440537418635,54490572.08529182,7381.772963542825,-304968094813.4806,,8.561887,67.71766,8.2290745,2.5439063746018804,17.583820831490904,-0.0018360626,0.0023497187,0.0484739,-0.001702378154732287,0.18661405,-0.24026905,24957,0.4268831,94.00641,16590.34346936304,40909581.62378211,6396.059851485296,-189363392271.33975,,7.839952,58.840797,7.6707754,2.8509361237797703,15.750866761612217,0.019603867,0.0062295427,0.07892745,0.017065925523638725,0.3648526,-0.31288552,30663,0.67773813,1003.718,15750.50442623306,41078484.197175376,6409.249893487956,-89038194989.14212,,13.427618,138.6545,11.775165,2.350219715109803,9.343956234650589
50.309402,0.119128644,0.34515017,50.573829650878906,51.237328,49.461243,51200,1.7760849,2575841.5,11876.083821715722,65446402.15639016,8089.895064609315,-3402060567.1623454,,20.328697,5686.1357,75.40647,123.71302343133942,17291.350461824513,-25.496994,0.27046013,0.5200578,-25.581546783447266,-22.700176,-27.605633,0,4.9054565,1305446.0,9942.600312146404,70669936.18631202,8406.541273693481,194020814485.12357,,53.52243,10982.906,104.79936,59.361638933986235,5699.417371879252,-26.363113,0.13131137,0.36236912,-26.38084602355957,-24.277388,-28.139648,0,3.8622608,1349791.2,7205.750094033181,58435831.80477534,7644.333313296545,423818830834.2985,,38.01895,5277.6987,72.64777,17.775930107909673,937.3911959318626,0.035926662,0.0027652544,0.052585687,0.030166607350111008,0.26281413,-0.17551966,38516,0.4383338,1839.445,15946.580731325304,54744694.109621815,7398.965745941916,-307446222076.5334,,8.561649,68.28236,8.263314,2.54415664378958,16.62274844323045,-0.0022995835,0.0023344962,0.048316624,0.0078110164031386375,0.18661405,-0.20367907,24701,0.39029312,117.73868,16629.88196412289,41022135.303445905,6404.852481005781,-192728403693.90726,,7.8473506,57.945488,7.6121936,2.6380815495061625,12.874875383790846,0.018623328,0.0061841784,0.078639545,0.03844375163316727,0.3648526,-0.32681167,30421,0.6916643,953.5143,15743.998221399705,41457533.17385388,6438.752454773664,-90715086757.82538,,13.408114,136.86082,11.698753,2.3088343468187076,9.019855966231091
50.305557,0.12002417,0.34644505,50.574302673339844,51.237328,49.434177,51200,1.8031502,2575644.5,11920.726533197369,65324774.068993025,8082.374284144049,-7077603149.53555,,20.162548,5738.7183,75.754326,123.92517118992447,17328.777170706042,-25.488213,0.26311383,0.51294625,-25.61245346069336,-23.026636,-27.556467,0,4.529831,1304996.5,10051.45813666216,70704828.36315541,8408.616316800013,180887749520.40195,,52.744804,10689.446,103.38978,61.69110976075397,6009.585242717644,-26.359543,0.12320552,0.35100645,-26.191431045532227,-24.425549,-27.8115,0,3.385952,1349608.6,7307.136477565811,59046971.82634031,7684.202745004865,419913748731.8807,,36.972622,4941.1494,70.29331,19.256689335266444,1065.9169257926424,0.036287736,0.00273539,0.052300956,0.0024733783211559057,0.26281413,-0.1706398,38708,0.43345392,1857.9319,16031.278349894417,53943656.41137953,7344.634532186032,-305829856280.3457,,8.581542,66.40913,8.149179,2.415458618427381,15.161692612105597,-0.0022252551,0.002346352,0.048439156,0.0001271208020625636,0.19734712,-0.20367907,24635,0.4010262,113.93307,16634.09532784259,41211252.31528769,6419.599077457072,-194211224363.46362,,7.8425736,58.64207,7.657811,2.677583541269182,13.049684919031497,0.018673146,0.006244759,0.079023786,0.037344321608543396,0.38830712,-0.32681167,30397,0.71511877,956.06506,15792.533409278358,41411187.57390252,6435.152490337934,-91945554258.3853,,13.470821,138.26868,11.75877,2.30251271428665,8.954321116654432
50.297108,0.120311946,0.3468601,49.977317810058594,51.221333,49.42775,51200,1.7935829,2575212.0,11936.339745970048,65424235.805723816,8088.524946226216,-9922073095.436949,,20.076616,5756.924,75.8744,124.24369723892072,17402.237393557905,-25.482206,0.25783947,0.50777894,-25.652599334716797,-23.307001,-27.675402,0,4.3684006,1304689.0,10163.630837703407,70698896.88338763,8408.263606915974,165946090934.42587,,51.90998,10506.728,102.50233,63.23805441136872,6222.097435657686,-26.357407,0.11811564,0.34367955,-26.490856170654297,-24.24575,-27.81125,0,3.5655003,1349499.2,7389.077669010793,59522803.30296587,7715.102287265275,415702594852.6562,,36.099586,4744.351,68.87925,20.454047277817043,1170.7733808275711,0.03611055,0.0026814055,0.05178229,0.026872698217630386,0.24366066,-0.17015181,38680,0.41381246,1848.8601,16062.546658057308,53450719.62994125,7310.999906301548,-301177724173.59235,,8.536045,64.42427,8.026473,2.389380062848921,15.173516975599254,-0.0015917794,0.0023439405,0.04841426,-0.0002387790009379387,0.19734712,-0.19660501,24946,0.39395213,81.4991,16614.06670857111,41237043.95645363,6421.607583499137,-192589167149.9648,,7.84687,58.440765,7.644656,2.6861135099035507,12.74556515323212,0.020045377,0.006320074,0.079498895,0.0038727540522813797,0.38830712,-0.31239688,30744,0.700704,1026.3235,15810.49911324786,41334177.74354723,6429.166177938414,-90661066906.89848,,13.457684,142.51425,11.937933,2.4057337571951547,10.185965692210981
50.295258,0.119934835,0.3463161,50.50600051879883,51.221333,49.42775,51200,1.7935829,2575117.0,11913.004273262775,65358764.79922527,8084.47677955879,-9245664167.408918,,20.02099,5739.8643,75.761894,124.23236977029703,17406.60735514928,-25.483269,0.25625518,0.5062165,-25.520231246948242,-23.11889,-27.675402,0,4.556511,1304743.4,10139.766483527843,70516051.55595459,8397.383613718894,166927408502.17957,,51.731483,10444.126,102.19651,63.6162782613184,6279.066252015419,-26.360891,0.11825673,0.34388477,-26.27869987487793,-24.24575,-27.821243,0,3.5754929,1349677.6,7334.649408966488,59168106.94070816,7692.080793953491,416749489049.0182,,36.193336,4744.794,68.88246,20.325066745613213,1166.1546774296926,0.035777524,0.002676394,0.051733878,0.01528302114456892,0.24451463,-0.17978954,38681,0.4243042,1831.8094,16045.421217355844,53560226.439428546,7318.485255804547,-300744889251.57074,,8.517513,64.48967,8.030546,2.4780435280791893,16.91062346364771,-0.00118397,0.0023192202,0.048158284,-0.0002387790009379387,0.2028356,-0.2134364,25124,0.41627198,60.61927,16632.709853959714,41328839.97920662,6428.751043492555,-193582383200.3029,,7.829405,57.444843,7.5792375,2.538393796620183,11.32134753542099,0.019518707,0.0062175896,0.07885169,0.05408010259270668,0.34420773,-0.31239688,30609,0.65660465,999.3578,15774.327309406712,41396088.06853164,6433.97917843473,-90200162267.28687,,13.380733,139.3188,11.803339,2.352604371817241,9.423094641570232
50.299736,0.11968047,0.34594867,49.950191497802734,51.207848,49.411633,51200,1.796215,2575346.5,11903.422826519547,65214313.252102114,8075.537954347197,-8952598450.294085,,20.041336,5725.986,75.67024,124.10728500912188,17380.05706131217,-25.490269,0.2590367,0.5089565,-25.520231246948242,-23.11889,-27.624107,0,4.5052166,1305101.9,10074.338720423742,70400884.28848697,8390.523481195138,173902517912.08627,,51.84853,10574.463,102.83221,63.120080989462274,6204.950835742592,-26.361364,0.12048837,0.34711435,-26.313186645507812,-24.422918,-27.82306,0,3.4001408,1349701.8,7288.515741003297,58916156.396681085,7675.686053811808,418000301258.11584,,36.5057,4836.3394,69.54379,19.72069320995381,1113.2479068482317,0.036306567,0.0026855075,0.051821884,0.021016862243413925,0.24451463,-0.17978954,38990,0.4243042,1858.8962,16048.946605906247,53428566.61103107,7309.484702154528,-301499586245.49664,,8.500797,65.24137,8.077213,2.4808407617416783,17.500429995659903,-0.0021194397,0.002351894,0.048496332,-0.0020682779140770435,0.2028356,-0.2134364,24719,0.41627198,108.515305,16668.76520273576,41222688.89058419,6420.489770304458,-195425733453.56857,,7.858523,58.66475,7.6592917,2.7205690808454,14.306806561985857,0.019321227,0.0061280327,0.07828175,0.05408010259270668,0.34420773,-0.30482304,30578,0.6490308,989.2468,15780.797996113439,41490180.19881257,6441.287153885671,-92049984708.00258,,13.314681,136.47533,11.682265,2.3478989890668873,9.565717260591668
50.30448,0.11992794,0.34630615,49.87151336669922,51.242344,49.175056,51200,2.0672874,2575589.5,11846.472200569173,65509234.909638554,8093.777542633511,-3986517272.3885384,,20.260216,5729.8223,75.69559,123.9920565735964,17362.36500341892,-25.494959,0.26029277,0.51018894,-25.60008430480957,-23.102638,-27.568993,0,4.4663544,1305341.9,10042.78917335013,70549146.5837124,8399.353938471244,177429082188.96478,,52.26154,10595.725,102.93554,62.61555717532699,6142.275399561386,-26.363527,0.12293877,0.35062626,-26.505264282226562,-24.476107,-27.910704,0,3.434597,1349812.6,7236.690807205625,58774395.709691346,7666.446093835875,422103704330.62354,,36.928192,4930.7773,70.2195,19.33813487068504,1080.6991002251439,0.036563553,0.0026742823,0.051713463,0.021016862243413925,0.23585287,-0.17234775,38970,0.40820062,1872.0538,16035.76324092877,53731404.42131249,7330.170831659552,-303879280024.9781,,8.508643,64.52902,8.032996,2.4585034136920356,17.899441842973644,-0.003126991,0.0023719578,0.04870275,-0.022436700761318207,0.19344418,-0.21965669,24270,0.41310087,160.10193,16653.70519789825,40937761.437932625,6398.2623764528935,-193222263970.8327,,7.8879437,59.22554,7.695813,2.7064461218387077,13.679943510941403,0.020105897,0.0062023546,0.07875503,0.0028954818844795227,0.3404208,-0.32009292,30707,0.66051376,1029.4219,15775.558945959114,41334714.751739055,6429.2079412427665,-91159605931.18098,,13.377175,138.6153,11.7734995,2.323723366137503,9.325949571781655
50.302002,0.12161365,0.3487315,50.1599235534668,51.242344,49.09108,51200,2.1512642,2575463.0,11679.259923321859,66251243.08201955,8139.486659613096,11201193437.079384,,20.620726,5801.416,76.16703,122.39923629594603,17061.91683407106,-25.485535,0.26081675,0.5107022,-25.85420799255371,-23.102638,-27.593481,0,4.490843,1304859.2,10066.795013198673,70628341.97028992,8404.066989874005,175419227305.2309,,52.236095,10625.214,103.078674,62.18112289799083,6087.3889489158555,-26.36404,0.1273693,0.35688835,-26.36797332763672,-23.781843,-27.910704,0,4.1288605,1349838.9,7226.687891390015,58984499.3908172,7680.136677873461,425034724414.4872,,37.17151,5139.587,71.69091,18.545590537722628,997.4073804013067,0.036540374,0.0027023277,0.05198392,0.05078403279185295,0.24097674,-0.17991154,38827,0.42088827,1870.8672,16050.631495034564,53578158.327925846,7319.710262566808,-303384255518.7542,,8.550609,65.24801,8.077624,2.446793425002459,17.129663359943944,-0.0032136778,0.0023277334,0.04824659,-0.014142971485853195,0.21320277,-0.21965669,24178,0.43285948,164.5403,16613.1317760635,41040598.65808768,6406.293675604302,-190983281654.9645,,7.841947,57.68528,7.5950828,2.6534070143062767,12.564565125793909,0.02017685,0.006331933,0.079573445,0.014867063611745834,0.3404208,-0.32009292,30774,0.66051376,1033.0547,15739.290280994815,41253973.376832925,6422.925608850917,-88177822545.05722,,13.479101,142.52136,11.938231,2.3712012616311013,9.500626260417194
50.30171,0.121722095,0.34888694,50.04298400878906,51.26323,49.09108,51200,2.1721497,2575447.5,11626.181468384571,66258345.13133172,8139.922919250017,15472272023.136183,,20.716253,5803.0176,76.17754,121.77056546312964,16933.660359405512,-25.477615,0.26619285,0.5159388,-25.535200119018555,-23.180958,-27.824587,0,4.643629,1304453.9,9990.280525658733,70605511.93468457,8402.708607031698,185494432569.25278,,53.01162,10818.853,104.01371,60.947400861570806,5911.977754172733,-26.36717,0.13163833,0.36281997,-26.27055549621582,-23.781843,-27.89454,0,4.1126976,1349999.2,7163.951063823634,58523197.97298439,7650.045619013287,427348201937.71045,,37.946735,5299.9263,72.80059,17.695946551128593,928.5682151408406,0.037143078,0.0027096558,0.052054353,0.04200027510523796,0.24488062,-0.19040325,39080,0.43528387,1901.7256,16017.19313349479,54061674.76435637,7352.6644670048945,-304095261574.1541,,8.537353,65.84798,8.114676,2.4190897698481977,15.93891420352979,-0.0017968998,0.0023074683,0.048036113,-0.011093806475400925,0.21320277,-0.21672949,24742,0.42993227,92.001274,16629.864957795195,40999265.615949795,6403.066891416159,-191558736676.04037,,7.8375154,56.715786,7.530988,2.539256099276058,12.01724983825869,0.020547757,0.006257526,0.07910453,0.012790361419320107,0.31427878,-0.29761565,30913,0.6118944,1052.0452,15779.354031001107,41427903.53815622,6436.451160240107,-90171104229.8163,,13.449532,139.49712,11.81089,2.315735859607468,9.259194148676105
50.311214,0.120806485,0.34757227,49.9748420715332,51.26323,49.09829,51200,2.1649399,2575934.5,11778.51077480045,65677900.12460995,8104.19028186098,2051773005.0913434,,20.369759,5770.36,75.96288,123.2141020728115,17206.775406687822,-25.47649,0.26279086,0.5126313,-25.540523529052734,-23.263254,-27.824587,0,4.5613327,1304396.2,10012.825494166553,70526934.24469501,8398.031569641484,181316636574.46115,,52.565258,10691.784,103.401085,61.83918833158383,6031.924600986112,-26.368956,0.124390624,0.35269055,-26.502634048461914,-24.196508,-27.89454,0,3.6980324,1350090.5,7245.702938606678,58816178.046364784,7669.170623109437,422794438650.24445,,37.119915,4990.914,70.6464,18.931406560848377,1042.4360677119575,0.036890417,0.002635634,0.051338427,0.041024304926395416,0.24488062,-0.19040325,39248,0.43528387,1888.7891,15994.712427980714,54011433.21018803,7349.247118595757,-302025484361.6275,,8.464672,63.317734,7.957244,2.3876790472676404,15.9034664649917,-0.0013068754,0.0023487539,0.048463944,0.004273985046893358,0.20003037,-0.22831632,25024,0.4283467,66.91202,16660.069397641215,40795313.61218405,6387.120917297875,-192417500191.2473,,7.8943152,57.939606,7.611807,2.4992113514604264,11.456687630426659,0.020221215,0.0061128465,0.078184694,0.036611367017030716,0.35813385,-0.3227804,30724,0.6809143,1035.3262,15761.930046359506,41314581.12977485,6427.641957185765,-90015034470.66028,,13.3326,135.24323,11.629412,2.2516743498262444,8.47568715973793
50.31421,0.12054489,0.34719574,49.9666862487793,51.245102,49.422543,51200,1.8225594,2576087.5,11885.12914919304,65401994.95959444,8087.149989928123,-5918278688.422219,,20.055132,5769.6875,75.95846,124.16185301836636,17388.00257909225,-25.482319,0.25923732,0.50915354,-25.569271087646484,-22.988714,-27.891947,0,4.9032326,1304694.5,10060.963292628574,70499988.97007419,8396.427155050784,175852450441.79947,,51.881683,10581.233,102.86512,62.60608014642843,6138.766069237704,-26.361948,0.12088329,0.34768274,-26.32997703552246,-23.952372,-28.157316,0,4.2049446,1349731.8,7280.010906722802,58843889.51071191,7670.977089700627,419817919220.9744,,36.61417,4848.634,69.63213,19.69107438454017,1111.976737891635,0.0368433,0.002618414,0.05117044,0.03285052999854088,0.26476607,-0.19040325,39237,0.45516932,1886.377,15995.17741434234,53549658.650024585,7317.763227245371,-298794628153.08655,,8.429834,63.00412,7.9375134,2.4402349005969426,16.077711521859374,-0.0030845457,0.0023657922,0.04863941,-0.0009705785778351128,0.18734585,-0.22831632,24394,0.41566217,157.92874,16642.632369526786,40774886.6011934,6385.521638926095,-191307060522.91614,,7.8935204,58.825504,7.669779,2.6224694445940173,12.178929053016702,0.019825043,0.006143333,0.078379415,0.010957975871860981,0.35813385,-0.3227804,30631,0.6809143,1015.0422,15735.146578001824,41158724.58499459,6415.506572749699,-88262964596.55795,,13.348554,136.36777,11.677661,2.3080523066584404,8.926142617053756
50.307552,0.119425595,0.34558007,49.88991928100586,51.245102,49.422543,51200,1.8225594,2575746.8,11906.558175489798,65239445.42819817,8077.093872687018,-6198942351.277572,,20.060175,5712.187,75.57901,123.7508406326272,17303.481872114135,-25.4885,0.2677478,0.51744354,-25.79026222229004,-22.984518,-27.891947,0,4.9074287,1305011.2,9959.118211489475,70803803.75605337,8414.499614121649,190666181829.27957,,52.99077,10900.665,104.40625,60.175362457986864,5805.348213241328,-26.36488,0.12879479,0.35887992,-26.42548370361328,-23.952372,-28.157316,0,4.2049446,1349881.8,7204.613777590754,58446698.62779293,7645.0440566286425,423616688727.29895,,37.6937,5173.4873,71.926956,18.184578324455153,975.525356444576,0.036332082,0.0026983407,0.051945556,0.03285052999854088,0.26476607,-0.17991154,38888,0.4446776,1860.2024,15973.247519118919,54153154.00953092,7358.8826603996695,-301879726913.89056,,8.511438,65.71261,8.106332,2.5100716420506135,16.38171667090693,-0.0032078535,0.0023768754,0.04875321,-0.015850502997636795,0.19820088,-0.200264,24354,0.3984649,164.24208,16631.862737676925,40681382.43686137,6378.195860653808,-190769261781.55676,,7.8830786,59.55315,7.7170687,2.6674762828272685,12.431977869629188,0.020572476,0.006282742,0.07926375,0.005338661838322878,0.36204293,-0.33902755,30898,0.7010705,1053.3108,15757.07679859414,41216880.123761795,6420.037392707444,-89862056698.85051,,13.406655,141.93796,11.913772,2.475640080997566,10.813299348241308
50.305855,0.1192283,0.3452945,50.54325485229492,51.219986,49.458263,51200,1.7617226,2575659.8,11932.37188714103,65226929.53492645,8076.3190585146185,-8824353402.293802,,20.0254,5703.4907,75.52146,123.98957014711932,17355.814932828212,-25.485435,0.26317286,0.51300377,-25.389616012573242,-22.7624,-27.978659,0,5.216259,1304854.2,10029.793665454106,70702193.6068561,8408.459645312932,183075057361.25574,,52.56793,10711.067,103.494286,61.539772339551206,5993.120002236564,-26.372705,0.1246577,0.35306898,-26.605344772338867,-24.1208,-28.227701,0,4.106901,1350282.5,7251.781621865315,58811119.70237129,7668.840831727523,422454768822.77905,,37.07357,5008.031,70.76744,18.79452407523061,1029.4858879761937,0.036233794,0.0026834824,0.05180234,0.022846810519695282,0.26452208,-0.17991154,38899,0.44443363,1855.1702,15993.5090621767,54012069.340823345,7349.290397094358,-302508364127.47516,,8.498658,65.16722,8.072621,2.481714687524265,15.93847634869722,-0.002245849,0.0023883965,0.048871223,0.009762481786310673,0.19832285,-0.2024594,24728,0.40078223,114.987465,16602.977667076106,40866026.98369904,6392.654142349564,-188882724233.4984,,7.8778253,60.227917,7.760665,2.8420722000489462,15.35687662888164,0.02004645,0.006329834,0.07956026,0.010835817083716393,0.36204293,-0.33902755,30768,0.7010705,1026.3784,15771.19799786717,41108342.91100724,6411.578815783772,-90718160356.1482,,13.425207,143.85265,11.993858,2.4811692449355034,10.51218687289887
50.30957,0.11993085,0.34631035,49.94338607788086,51.219986,49.42364,51200,1.7963448,2575850.0,11867.703786767199,65365424.50349305,8084.888651273624,-5019933733.926516,,20.063606,5737.9194,75.749054,124.0440666235478,17372.092975336316,-25.484297,0.26125345,0.51112956,-25.64799690246582,-22.7624,-27.978659,0,5.216259,1304796.0,10081.460497144686,70441170.41607262,8392.923829993491,175031594022.46527,,52.488594,10621.121,103.05882,61.97505982784244,6053.672561359778,-26.37209,0.12195334,0.3492182,-26.483495712280273,-24.1208,-28.227701,0,4.106901,1350250.9,7266.868324544105,58725348.82734622,7663.246624463173,420414615472.3412,,36.767914,4892.1343,69.943794,19.287664168760035,1074.897635838465,0.036746677,0.0026320834,0.051303834,0.02528674341738224,0.26452208,-0.17832558,39100,0.44284767,1881.43,15996.266468915506,53938364.12497697,7344.274240861174,-302066694778.7505,,8.446118,63.427635,7.964147,2.3889078735863247,14.763360398527327,-0.0029189426,0.002363995,0.04862093,0.0024444861337542534,0.19832285,-0.21672949,24388,0.41505235,149.44986,16619.9938500692,40953584.49574776,6399.498769102762,-191025359527.31516,,7.8489122,59.434277,7.709363,2.686103653087729,12.998172763977074,0.020242702,0.006152789,0.07843972,0.0186539925634861,0.32368502,-0.31459576,30794,0.63828075,1036.4264,15767.80596466899,41192407.62335489,6418.131162835089,-91581397532.94402,,13.381682,135.9552,11.659983,2.3134058968639306,9.052747052926048
50.30409,0.12011602,0.34657758,50.35688781738281,51.25335,49.42364,51200,1.8297081,2575569.2,11832.475981812735,65400964.882407315,8087.086303632929,-1869120683.817885,,20.153332,5743.777,75.78771,123.75351054211106,17311.537655332977,-25.484625,0.26732135,0.5170313,-25.294355392456055,-22.760365,-27.670391,0,4.9100266,1304812.8,9957.568965069595,70440072.7675392,8392.858438430807,188816960299.94162,,53.24346,10851.991,104.17289,60.22813532297544,5821.202487409133,-26.369108,0.1275043,0.35707745,-26.365591049194336,-24.238138,-28.161356,0,3.9232178,1350098.4,7195.7068329545245,58210788.880252145,7629.599522927278,422150441059.8111,,37.543873,5118.6777,71.54494,18.32387720888378,992.2918506975965,0.037142895,0.0026745228,0.051715788,0.032240547239780426,0.24268468,-0.22578226,39012,0.46846694,1901.7163,15973.041037086901,54427548.325478226,7377.502851607597,-303253870185.07806,,8.507451,64.55906,8.034865,2.4254672333194685,16.091306293453684,-0.0034276908,0.0023669486,0.048651297,-0.014021004550158978,0.20344545,-0.21672949,24255,0.42017496,175.49777,16656.727594671636,40771032.93640604,6385.2198816020455,-192819420258.69168,,7.8956475,58.8479,7.6712384,2.6464292263350924,13.704100702684212,0.020780731,0.006128628,0.07828555,0.00741536496207118,0.32368502,-0.27648216,30913,0.60016716,1063.9733,15769.22539998811,41331285.55528271,6428.941246837049,-92047026787.47787,,13.380311,134.7569,11.608484,2.2492386877546275,8.410319437178737
50.307934,0.11980009,0.3461215,49.91193389892578,51.25335,49.46676,51200,1.7865906,2575766.2,11845.12757085903,65285579.33953377,8079.9492163957175,-2737163981.329676,,20.042192,5732.0723,75.71045,123.86627239334157,17324.621865663892,-25.49216,0.26707995,0.5167978,-25.340576171875,-22.760365,-27.670391,0,4.9100266,1305198.6,9956.639413102992,70555720.99820876,8399.7452936508,189655895704.1837,,52.92224,10873.735,104.27721,60.322693692921774,5836.720139062989,-26.369062,0.12723567,0.35670108,-26.5819149017334,-23.887186,-28.161356,0,4.27417,1350096.0,7198.203223215753,58368746.65333514,7639.94415250106,423021003084.3094,,37.383324,5116.958,71.53291,18.362618690657502,992.9217665080917,0.037384354,0.0026988164,0.051950134,0.05005205422639847,0.24268468,-0.22578226,39125,0.46846694,1914.079,15995.671831497288,54236666.73137227,7364.554754455443,-304235960396.7753,,8.515396,65.66835,8.103601,2.486226463909189,17.310647929193486,-0.0027645668,0.0023542356,0.048520464,0.009396582841873169,0.20344545,-0.20819183,24568,0.41163728,141.54582,16661.73077051823,40702089.383544795,6379.818914635806,-191608375002.73245,,7.8710713,58.583107,7.65396,2.6625596067959525,13.607412248685186,0.019901933,0.0062051825,0.078772984,0.020730696618556976,0.38195485,-0.30873212,30659,0.69068694,1018.979,15799.294639239133,41218174.88847857,6420.138229701801,-91759354599.12262,,13.39028,138.40582,11.764601,2.329702715373319,9.301889155019495
50.31203,0.119965814,0.3463608,49.942447662353516,51.243095,49.433804,51200,1.8092918,2575976.2,11914.084186792972,65069925.37845438,8066.593170506021,-9351503062.87456,,20.038572,5740.705,75.76744,124.14530428797897,17378.022215117184,-25.489582,0.25882757,0.508751,-25.53178596496582,-23.13195,-27.606667,0,4.474716,1305066.6,10075.278570541448,70642750.65627538,8404.924190989195,175538039438.5761,,51.99917,10548.059,102.70374,62.728462920017165,6154.580676200057,-26.37743,0.11998649,0.34639066,-26.464324951171875,-23.887186,-27.980368,0,4.0931816,1350524.5,7298.86172821872,59002638.31888553,7681.317485879979,419448167795.2742,,36.415585,4817.22,69.4062,19.780400060381627,1114.257660453114,0.036598973,0.0026578612,0.05155445,0.04187827929854393,0.25378639,-0.18564537,39073,0.43943176,1873.8674,16047.388279425759,53470494.96042979,7312.352218023267,-301542754709.7135,,8.488894,64.02493,8.001558,2.412149432533395,16.27299520023253,-0.0020462836,0.0023260962,0.04822962,-0.011093806475400925,0.19942054,-0.20819183,24741,0.40761238,104.769714,16627.507862173672,40868004.61127102,6392.808820172164,-192501359356.95892,,7.824404,57.876488,7.60766,2.644550980140433,12.818237697175453,0.020369757,0.006202145,0.078753695,0.030014779418706894,0.38195485,-0.30873212,30683,0.69068694,1042.9314,15762.855776189297,41092890.27995133,6410.373645892361,-90154137462.11974,,13.391597,138.21524,11.756497,2.3130453996269704,9.04600504956332
50.3043,0.120492324,0.34712005,49.977630615234375,51.22353,49.433804,51200,1.7897263,2575579.8,11872.118471597672,64983067.69872773,8061.207583155748,-4626507296.159358,,20.100895,5765.1694,75.92871,124.27102316396295,17407.17176886566,-25.482857,0.25700995,0.50696146,-25.53178596496582,-23.170813,-27.540623,0,4.36981,1304722.2,10125.79712332259,70545046.18057874,8399.109844535833,169334262968.9486,,51.746674,10481.191,102.37769,63.42497004024851,6241.921134942826,-26.377758,0.11857578,0.34434834,-26.391809463500977,-24.281147,-27.961855,0,3.680708,1350541.1,7335.820238983473,59088814.21924742,7686.924887056424,416184772550.976,,36.190292,4761.3506,69.00254,20.11772930312208,1142.9256439232097,0.036235347,0.0026850603,0.051817566,0.04187827929854393,0.25378639,-0.18564537,38834,0.43943176,1855.2498,16074.176866918839,53340243.73945124,7303.440541241589,-301278718716.1716,,8.52966,64.72002,8.044875,2.4194500565524395,16.414756356005253,-0.0016739471,0.0023253716,0.048222106,-0.003287944011390209,0.19942054,-0.18757948,24795,0.38700002,85.70609,16621.234849865705,40893072.915279925,6394.769183893968,-191708880238.38184,,7.816232,57.96641,7.613568,2.7118519159007315,14.006752343314947,0.02039548,0.0061983927,0.078729875,0.021707968786358833,0.34567365,-0.34537983,30714,0.6910535,1044.2485,15745.883458985636,41257686.81628595,6423.214679293068,-88932909585.00073,,13.4221115,137.20683,11.713532,2.3440598320030186,9.803252459204082
50.294235,0.120228894,0.3467404,49.93874740600586,51.215,49.341354,51200,1.8736458,2575064.8,11849.191583290798,65092733.32714351,8068.006775353099,-4102879029.989025,,20.196888,5747.8125,75.81433,123.97633534108198,17351.696727493152,-25.48691,0.26299465,0.51283,-25.911514282226562,-23.170813,-27.573597,0,4.4027843,1304929.8,10039.801276719452,70609023.55725187,8402.9175622073,179668728478.6243,,52.373398,10722.387,103.54896,61.77373954626116,6022.254578352112,-26.382698,0.12294307,0.3506324,-26.409570693969727,-24.444094,-27.961855,0,3.5177612,1350794.2,7284.352180707517,58874927.76518789,7672.999919535246,417909296392.0765,,36.88812,4933.9526,70.2421,19.005328803771647,1044.6309177721514,0.036475778,0.0027305272,0.052254446,0.03748640418052673,0.25073645,-0.17905757,38840,0.429794,1867.5598,16039.575322683291,53775541.03285488,7333.180826411884,-303574947377.28955,,8.5758,66.26054,8.140058,2.4672942063391816,16.23589974700384,-0.0019425784,0.0023321146,0.048291974,0.0004930205759592354,0.18136948,-0.20294727,24724,0.38431674,99.460014,16658.172146107234,40910247.719288416,6396.111922042048,-191734873652.49387,,7.8561153,57.686363,7.595154,2.605182446143073,12.493145602111895,0.019629426,0.0061905337,0.07867994,-0.011763597838580608,0.3541026,-0.34537983,30582,0.69948244,1005.02655,15769.615562463054,41137920.38428379,6413.884968120631,-89204579098.4817,,13.402061,137.3433,11.719357,2.281307948365273,8.822597917590393
50.281807,0.11949536,0.345681,49.83714294433594,51.183105,49.341354,51200,1.8417511,2574428.0,11874.76986907637,64978980.09153799,8060.95404350738,-5821695333.87534,,20.09982,5714.1587,75.59206,124.13534477100761,17380.303180680192,-25.480864,0.26278293,0.51262355,-25.61358070373535,-23.209894,-27.573597,0,4.363703,1304620.2,10019.362634665558,70817070.01087427,8415.287874509955,182758071228.93292,,52.470646,10701.345,103.4473,61.687848163627024,6009.989506466989,-26.389977,0.123013824,0.35073328,-26.546142578125,-24.520493,-27.806646,0,3.2861538,1351166.8,7255.301001761795,58867293.12944013,7672.502403351864,419901207062.9196,,36.879925,4938.179,70.27218,19.009703320712322,1045.4163275139858,0.036412608,0.002674911,0.051719543,0.029312631115317345,0.25073645,-0.19430713,38915,0.44504356,1864.3254,16003.257660215537,54020438.165881164,7349.859737837258,-301757689376.4837,,8.511704,64.50866,8.031729,2.450878170881569,16.63548873973095,-0.0013989054,0.002339541,0.0483688,-0.025485865771770477,0.22100863,-0.20294727,25052,0.42395592,71.62395,16637.199969041172,41219421.84972515,6420.235342238254,-193599147369.2045,,7.8613853,57.985844,7.614844,2.552317186903894,11.309113257929818,0.019275676,0.0061283447,0.07828374,0.026716487482190132,0.3541026,-0.30396792,30539,0.65807056,986.9147,15795.855353813771,41467293.11669278,6439.510316529727,-92127684164.07567,,13.335131,135.94554,11.659569,2.332078244813499,9.260506528352183
50.28325,0.11944536,0.34560868,50.67414855957031,51.183105,49.428722,51200,1.7543831,2574502.0,11914.76579206579,64856865.48658176,8053.376030372713,-6980485960.9464245,,19.966812,5716.9146,75.61028,124.19647576343834,17383.408458743226,-25.480913,0.25708586,0.5070363,-25.298269271850586,-23.446009,-27.529505,0,4.083496,1304622.8,10081.795114472614,70485297.63878433,8395.55225335322,175362364762.50436,,52.038498,10454.864,102.24903,63.5790962530745,6274.690393595255,-26.377449,0.11897563,0.34492844,-26.34369659423828,-24.600023,-27.806646,0,3.206623,1350525.2,7290.7596719399335,58858673.176658876,7671.94063954218,417779929419.60474,,36.45196,4762.813,69.01314,20.06823492205806,1143.7665586287887,0.036919363,0.0026472826,0.05145175,0.04566017538309097,0.25061446,-0.19430713,39143,0.4449216,1890.2712,16042.732655529664,53810591.05494936,7335.570261060101,-302523183003.166,,8.495717,63.363754,7.9601355,2.453062910271538,17.125222847135554,-0.0014841936,0.0023413359,0.048387352,-0.004507610108703375,0.22100863,-0.21953472,25016,0.44054335,75.99072,16602.663726061954,41073373.19860568,6408.8511605907715,-190126291368.5771,,7.868056,57.970455,7.613833,2.670811404343683,12.884030874725111,0.018974505,0.0062213303,0.07887541,0.029648302122950554,0.38000032,-0.32864404,30490,0.7086444,971.4946,15804.728231013945,41521114.450437024,6443.687954148387,-92460062528.53328,,13.400413,138.97574,11.788797,2.3417908394457516,9.299977903149733
50.296177,0.12001885,0.34643736,50.14330291748047,51.23002,49.436058,51200,1.7939606,2575164.5,11911.266925852655,65241511.56491575,8077.221772671328,-7450119389.680724,,20.004524,5744.787,75.79437,124.10339641231874,17366.992590116548,-25.483196,0.25124604,0.5012445,-25.29717254638672,-23.160353,-27.504704,0,4.344351,1304739.5,10190.732358558953,70530456.99412867,8398.241303637844,163235721439.09293,,51.441654,10217.552,101.08191,65.40550909554449,6529.066592474978,-26.373476,0.11341303,0.3367685,-26.446062088012695,-24.181692,-27.901337,0,3.7196445,1350322.0,7381.535561069191,59290726.812367305,7700.04719546363,414168501366.7957,,35.79476,4525.4883,67.27175,21.35026124944284,1265.1797730839528,0.03745915,0.002690621,0.051871195,0.03651043027639389,0.2387808,-0.1814975,39208,0.4202783,1917.9084,16103.391923911802,53255697.03843486,7297.65010386459,-302616990138.4798,,8.530107,64.99708,8.062077,2.4045556197430837,15.816944343005568,-0.002027152,0.002362387,0.04860439,0.0004930205759592354,0.21564211,-0.21953472,24718,0.43517685,103.7902,16617.761493473165,40675934.95409138,6377.768806886259,-188664501915.85257,,7.870073,59.01689,7.6822453,2.6729817311940693,12.552144607096094,0.01855363,0.006352427,0.07970212,0.05310283228754997,0.38000032,-0.32864404,30274,0.7086444,949.9458,15809.368421268464,41174631.07246841,6416.746143682825,-91751388620.68973,,13.497729,143.07132,11.961243,2.4081508805251737,9.808728206841995
50.303833,0.120060146,0.34649697,50.59233093261719,51.249023,49.457134,51200,1.7918892,2575556.5,11866.35836842487,65434765.643393986,8089.175832147178,-3561715508.7629213,,20.215551,5738.422,75.75237,123.87732830794798,17336.409646244345,-25.484236,0.26049796,0.51039,-25.8735294342041,-23.06055,-27.648378,0,4.5878277,1304792.9,10101.132112822806,70479179.64702797,8395.18788634465,173321054224.2343,,52.161346,10616.709,103.037415,61.95012626949526,6052.066277322925,-26.37003,0.12093384,0.34775543,-26.6218204498291,-24.15657,-28.059084,0,3.9025135,1350145.4,7343.933024089777,59043445.16480055,7683.97326679372,414939185978.889,,36.593502,4852.736,69.66158,19.561904093911686,1094.6733078366296,0.036773473,0.0027372802,0.052319024,0.03651043027639389,0.23682885,-0.16307601,38848,0.39990485,1882.8018,16054.379543090858,53806024.12791063,7335.258968019509,-304412385061.4187,,8.575,66.61862,8.162024,2.456144784992544,15.982229103908933,-0.0013438441,0.002359382,0.04857347,-0.010483973659574986,0.212349,-0.19172634,25039,0.40407532,68.80481,16621.231147890154,40746151.82531752,6383.2712479823,-191052807715.52216,,7.8505926,59.17097,7.692267,2.6863851501892304,12.805794094142252,0.01891457,0.0063253273,0.07953192,0.04687272384762764,0.35715657,-0.33218667,30368,0.6893432,968.4259,15821.699640207458,41491702.15539116,6441.405293520285,-94094805067.69678,,13.462524,142.61797,11.942276,2.350846111956612,9.08338464832015
50.302258,0.11991081,0.3462814,49.89741516113281,51.249023,49.40194,51200,1.847084,2575475.5,11864.991811777869,65004536.202801436,8062.5390667457505,-2433372050.794182,,20.213478,5730.855,75.70241,124.1343491482527,17386.15682465051,-25.487083,0.26210368,0.5119606,-25.39193344116211,-23.06055,-27.7882,0,4.7276497,1304938.6,10042.881130129656,70359331.41960187,8388.046937136312,179790400990.03165,,52.499325,10663.535,103.2644,61.836773887304325,6035.225052160502,-26.36371,0.12232551,0.34975064,-26.35988998413086,-24.15657,-28.059084,0,3.9025135,1349822.0,7299.989461444493,58674511.0765891,7659.928921118596,416007577580.8095,,36.939674,4898.545,69.98961,19.392255004107664,1081.119795888938,0.03741538,0.0027141382,0.05209739,0.01894291862845421,0.23682885,-0.1745437,39119,0.41137254,1915.6677,16042.288611684495,53860017.19536527,7338.938424279446,-303872925819.1948,,8.589251,65.18933,8.073991,2.36120038365476,15.819970753357438,-0.0009325237,0.002310133,0.048063844,-0.0199973676353693,0.212349,-0.20221546,25234,0.41456446,47.745205,16621.39457039102,40857492.721039005,6391.986602069735,-190060720188.11484,,7.800343,57.43713,7.5787287,2.7794134441269778,14.866578846964916,0.019676028,0.0062984223,0.0793626,0.045895449817180634,0.352881,-0.33218667,30574,0.68506765,1007.4126,15820.561258100206,41431750.94685251,6436.750029856101,-91900303610.82068,,13.46068,141.29312,11.886679,2.3442842426395565,9.235305694922596
50.29805,0.120017566,0.34643552,50.0248908996582,51.221302,49.40194,51200,1.8193626,2575260.2,11910.517938363426,65058010.39059174,8065.854597659924,-8129158967.441635,,20.028942,5743.739,75.78746,124.28084277049342,17408.618330446865,-25.486012,0.25605607,0.50601983,-25.60246467590332,-23.100636,-27.7882,0,4.687565,1304883.8,10122.058980213684,70518142.80549857,8397.508130719409,169803826105.8784,,51.74008,10433.034,102.14223,63.9912090138783,6324.392590525865,-26.37042,0.11706316,0.34214494,-26.583354949951172,-24.328194,-28.002514,0,3.6743202,1350165.5,7340.442240458815,59077396.51178694,7686.182180496826,415604315074.86554,,36.193165,4683.6943,68.43752,20.565077106794558,1187.8163235965922,0.03814771,0.0026466965,0.051446054,0.029190633445978165,0.23609687,-0.19503912,39515,0.431136,1953.1628,16063.79386445943,53331462.6283508,7302.839353864413,-300756381711.02686,,8.509385,63.10125,7.9436297,2.3111216991340293,14.806567520561591,-0.0005673313,0.002295515,0.047911532,-0.0199973676353693,0.18051572,-0.2072161,25370,0.38773182,29.047363,16599.345470565793,40928445.00291731,6397.534290874673,-189742313691.3756,,7.7996798,56.697086,7.5297465,2.658324026252396,12.989190459972155,0.019449966,0.0062206597,0.07887116,0.045895449817180634,0.352881,-0.29138556,30555,0.6442666,995.83826,15781.360899851165,41278042.748035826,6424.7990433970635,-88574346531.79945,,13.410855,138.64679,11.7748375,2.3232972286699405,8.95401532625351
50.296043,0.12012911,0.34659645,49.7740478515625,51.271664,49.463844,51200,1.8078194,2575157.5,11934.627458463388,65122428.046626925,8069.846841584227,-10661774299.90898,,20.038034,5749.083,75.82271,124.32061078609507,17409.293880688798,-25.488907,0.25689176,0.5068449,-25.60246467590332,-23.100636,-27.584494,0,4.483858,1305032.0,10104.12785301982,70564366.40386124,8400.259900970996,171179978998.2232,,51.810204,10468.573,102.31605,63.79578664147632,6301.340279207836,-26.367393,0.118536666,0.34429154,-26.641273498535156,-24.328194,-28.002514,0,3.6743202,1350010.5,7305.4077399432035,58994877.96148912,7680.812324324109,417263094296.88196,,36.30176,4751.2563,68.92936,20.175560130078892,1153.7080624538437,0.03805523,0.0026488954,0.05146742,0.05395594239234924,0.2740378,-0.19503912,39500,0.46907693,1948.4279,16049.278753422419,53477286.132796966,7312.816566330443,-302732409242.0932,,8.504724,63.296818,7.9559298,2.355647619128023,14.88559748666062,-0.0006955272,0.0023500237,0.048477042,-0.010118073783814907,0.20600674,-0.2072161,25403,0.41322285,35.610992,16610.867624376093,40834585.61082796,6390.194489280272,-192513166543.58,,7.8418055,58.829975,7.67007,2.7088534011350793,13.110947703351012,0.019761961,0.0061831567,0.07863305,0.007781841792166233,0.37279293,-0.3252236,30621,0.6980165,1011.8124,15782.65539261387,41323919.138629496,6428.368310748031,-90172539127.17647,,13.413919,136.64574,11.689557,2.357515410470002,9.853768062988397
50.29367,0.12008004,0.34652567,50.341552734375,51.271664,49.36657,51200,1.9050941,2575035.8,11907.263465605514,65228006.95834849,8076.385760867821,-7783380104.748209,,20.03912,5746.5405,75.80594,124.09791215187639,17360.864529735485,-25.487225,0.26361084,0.5134305,-25.81728744506836,-23.004498,-27.466124,0,4.461626,1304946.0,10037.226094189778,70619018.52135928,8403.512272934411,180293199586.75616,,52.519268,10738.606,103.62725,61.51850938475821,5992.009654001533,-26.367382,0.12366596,0.3516617,-26.48468589782715,-24.068363,-28.011065,0,3.9427013,1350010.0,7246.7799087041885,58877828.641169816,7673.188948616463,422291310678.83905,,36.86115,4972.9536,70.51917,19.237012209704982,1064.8869082320693,0.038752764,0.0026991528,0.05195337,0.03663242608308792,0.2740378,-0.17478769,39521,0.44882548,1984.1414,16068.62295041533,53901277.34766324,7341.7489297621205,-307925115376.02954,,8.527894,65.47323,8.091553,2.3917384346140587,15.364508469949428,-0.0012771294,0.0023477878,0.048453975,0.008298883214592934,0.20600674,-0.20282531,25111,0.40883204,65.38902,16614.211122034958,40906632.90292535,6395.82933660095,-191812366896.14838,,7.827316,58.94583,7.677619,2.914390588450512,15.987224698892387,0.020295942,0.0061906185,0.078680485,0.025250578299164772,0.37279293,-0.3252236,30763,0.6980165,1039.1521,15789.46835984466,41501630.73660159,6442.175931826264,-90885882291.905,,13.4054985,137.28214,11.716746,2.281273923020709,8.654191565793441
50.29561,0.11975387,0.3460547,49.9168586730957,51.273827,49.36657,51200,1.9072571,2575135.2,11889.130578169712,65266384.15522659,8078.761300795227,-5313121868.166846,,20.09987,5727.408,75.67964,123.80531429127917,17310.496103387173,-25.485817,0.26853207,0.5182008,-25.468341827392578,-23.004498,-27.690277,0,4.6857796,1304873.9,9910.969187681845,70345066.0776497,8387.196556516945,193556607914.80304,,53.158134,10923.06,104.51344,59.715661461948436,5749.827378490028,-26.377335,0.12836392,0.3582791,-26.38397979736328,-24.068363,-28.063784,0,3.9954205,1350519.8,7202.682390388961,58408215.88807384,7642.526799957841,422824704818.2085,,37.67029,5153.1855,71.78569,18.21947272077915,980.3866447364474,0.038506888,0.0027309582,0.05225857,0.0473681278526783,0.25573832,-0.19833302,39395,0.45407134,1971.5527,15988.44546997415,54701230.59745432,7396.028028438935,-307183754482.9784,,8.567436,66.424194,8.150104,2.4610235774095126,16.45050168964417,-0.0007729759,0.002335325,0.048325203,-0.03207205981016159,0.20100611,-0.20282531,25200,0.40383142,39.57637,16624.410381088972,40896419.56703341,6395.030849576366,-191003726847.9316,,7.839791,58.111763,7.623107,2.722048340937103,13.85700171911979,0.020775462,0.0062436224,0.079016596,0.04858294874429703,0.38598612,-0.2939509,30846,0.679937,1063.7036,15795.535223180323,41459969.19256681,6438.941620527928,-90952505435.28133,,13.389591,140.4024,11.849152,2.3941986764689336,9.796270701580616
50.301113,0.1194196,0.3455714,50.466331481933594,51.273827,49.4381,51200,1.8357277,2575417.0,11919.646850398756,65152916.09471964,8071.735630873923,-7919110710.761285,,20.152067,5708.1816,75.552505,124.23267290955968,17408.723340116936,-25.492926,0.269066,0.51871574,-25.979217529296875,-23.135176,-27.690277,0,4.5551014,1305237.8,9899.465201007952,70316710.34186244,8385.505968148997,194941829348.19012,,53.31916,10933.27,104.56228,59.13567228028836,5674.861107269963,-26.381254,0.13094795,0.3618673,-26.432937622070312,-24.056742,-28.063784,0,4.007042,1350720.2,7190.9437059410975,58378165.692582294,7640.56056141055,423996374617.294,,38.005825,5260.096,72.52652,17.700741888846355,932.3849865676582,0.03850411,0.0027562059,0.05249958,0.0473681278526783,0.24793054,-0.19833302,39366,0.44626355,1971.4103,16017.031689175521,54453477.26200912,7379.259939994601,-307514165912.9226,,8.614513,66.91217,8.179986,2.4911852569298065,16.796942351544246,4.5655688e-05,0.0023709512,0.048692413,0.004395951982587576,0.19759105,-0.18855521,25583,0.38614625,2.3375692,16638.427423226258,40975383.45867922,6401.201719886604,-191890412511.3587,,7.8796496,59.310867,7.701355,2.672957748611016,12.867694447115777,0.020037564,0.0062347017,0.07896013,0.04858294874429703,0.38598612,-0.31532872,30633,0.7013148,1025.9231,15790.789535031527,41368983.48745735,6431.872471330363,-92352947657.99228,,13.418885,139.16177,11.796685,2.3607187784883945,9.692538032674888
50.29552,0.119742595,0.34603843,50.028778076171875,51.261692,49.447536,51200,1.8141556,2575130.5,11868.110636327328,65293362.50263005,8080.430836448639,-3426709396.6855583,,20.082935,5727.505,75.68028,124.24257330129807,17409.42317166309,-25.502207,0.26611045,0.51585895,-25.32034683227539,-22.852556,-27.632532,0,4.779976,1305713.0,9956.599842117499,70592073.29777235,8401.908907966828,190354865789.10474,,52.831856,10833.755,104.08533,59.98749615804475,5783.989616352179,-26.37512,0.12845391,0.35840467,-26.00164031982422,-24.056742,-28.030611,0,3.9738693,1350406.0,7210.752605715926,58641281.22412809,7657.759543373511,424480568641.31244,,37.563957,5165.7915,71.87344,17.9536991582368,955.3974315621093,0.038702343,0.0027369568,0.05231593,0.025896726176142693,0.2736718,-0.18942727,39482,0.46309906,1981.56,16054.30186044093,53963373.67901736,7345.976700141197,-306144804027.3878,,8.5911255,66.330635,8.144362,2.3863398427230775,15.093676627743978,-4.1814706e-06,0.002368046,0.048662573,-0.01024003978818655,0.19759105,-0.18831128,25617,0.38590235,0.21409142,16617.601876661403,41061108.68147129,6407.8942470573975,-191639990717.55548,,7.8671546,59.351864,7.704016,2.72908142357986,13.31019765120484,0.019334795,0.0062408466,0.07899903,0.00045230198884382844,0.3329691,-0.32864404,30518,0.6616131,989.9415,15752.268679678125,41337399.29064873,6429.416714652172,-89471852088.15967,,13.435742,139.02872,11.791044,2.298576295434874,8.76203406638959
50.292267,0.120166674,0.34665066,49.918739318847656,51.22958,49.447536,51200,1.7820435,2574964.0,11827.220683830514,65264526.63302216,8078.646336671891,-562938649.3693848,,20.13825,5746.998,75.80896,124.28313936236303,17414.787069385693,-25.501537,0.26560834,0.51537204,-25.975709915161133,-22.852556,-27.880892,0,5.0283356,1305678.8,9924.884084483236,70459577.62986614,8394.020349621875,192159912321.80612,,52.827843,10808.409,103.9635,60.67545173116146,5874.158602080866,-26.371244,0.12671243,0.3559669,-26.496055603027344,-24.13784,-28.030611,0,3.8927708,1350207.6,7181.5663004740745,58386765.34152887,7641.123303646452,424246549087.9601,,37.42328,5087.177,71.32445,18.2663590148206,987.8019397237281,0.037948776,0.0027585495,0.052521896,0.048832084983587265,0.2736718,-0.21931644,39178,0.49298823,1942.9773,16019.48623417849,54214640.66257018,7363.059191842082,-305082028622.79865,,8.614981,67.02336,8.18678,2.456380928403523,15.463877567739633,-0.0002399939,0.0023539348,0.048517365,0.00610348442569375,0.20064022,-0.19831254,25497,0.39895275,12.287685,16625.912416568262,40903813.041105054,6395.608887440277,-191097862011.74884,,7.853645,58.84293,7.6709146,2.72349312256895,13.35936224600341,0.01967151,0.0064441003,0.080275156,0.014867063611745834,0.36436397,-0.32864404,30399,0.693008,1007.1814,15808.181173106199,41033543.26673004,6405.742990998783,-89025827767.04315,,13.59504,145.12456,12.046765,2.3296766571981338,9.160572311050142
50.29142,0.12012157,0.34658557,49.918739318847656,51.30613,49.44004,51200,1.8660889,2574921.0,11859.742253621675,65113325.12738846,8069.282813694688,-3123837210.9218807,,20.154945,5744.0156,75.78928,124.0964527342225,17375.54183985847,-25.492012,0.26519883,0.5149746,-25.60418701171875,-23.227398,-27.880892,0,4.653494,1305191.0,9958.298493990951,70438212.4251387,8392.747608807183,186924492648.29892,,52.91957,10777.719,103.815796,60.94075641520684,5919.479690545794,-26.372957,0.12591457,0.35484442,-26.51835823059082,-24.129759,-28.005583,0,3.875824,1350295.4,7178.96558222709,58336997.68573306,7637.866042667484,423936275458.5191,,37.348774,5051.899,71.07671,18.527636240797037,1012.5033561356248,0.03782158,0.002753347,0.052472346,0.032362546771764755,0.26976794,-0.21931644,39117,0.48908436,1936.4651,16022.111913672197,54153183.046407,7358.884633312782,-305821316084.38544,,8.586636,67.241104,8.2000675,2.4278330900720735,14.675752688868164,-0.00093188277,0.0023363805,0.048336122,0.017934244126081467,0.21076344,-0.20367907,25206,0.4144425,47.7124,16606.963226480657,41106743.78290337,6411.45410830518,-190928328047.27795,,7.849514,58.01568,7.616802,2.6722138145108842,13.502960282544676,0.01943041,0.0063982136,0.07998884,0.024761943146586418,0.40736392,-0.3090986,30381,0.7164625,994.83704,15785.019728500969,41036773.463136815,6405.99511888175,-89770925046.25415,,13.542742,144.1827,12.007609,2.3086333547199502,8.624400240206263
50.29832,0.12026629,0.3467943,50.58775329589844,51.315693,49.44004,51200,1.8756523,2575274.0,11838.509427702213,65402180.24013855,8087.161445163473,-2754407296.4675856,,20.250303,5747.5757,75.81277,123.61582561389682,17276.719049107312,-25.49188,0.2665408,0.5162759,-25.578916549682617,-22.994131,-27.827312,0,4.8331814,1305184.2,9928.721342683333,70314815.42043884,8385.392979487535,191023750129.99237,,53.141212,10822.951,104.03342,60.463709283112365,5854.3381004932635,-26.367817,0.12785098,0.35756254,-26.416648864746094,-24.074034,-28.008059,0,3.9340248,1350032.0,7165.672682389738,58105674.00644601,7622.707787029883,423681825839.816,,37.790367,5117.8623,71.53924,18.253669722030015,988.1059888195465,0.037572548,0.0027236533,0.05218863,0.04749012365937233,0.25451836,-0.17124978,39187,0.42576814,1923.7144,16004.302524417073,54278627.46284991,7367.40303382745,-305430715509.19977,,8.560773,66.164215,8.134139,2.435540932396528,15.461489136039638,-0.0010587352,0.0023469506,0.048445337,-0.013899038545787334,0.21076344,-0.20367907,25255,0.4144425,54.207245,16604.281605536682,40991203.94423505,6402.437344030401,-190263804526.31372,,7.8492446,58.557297,7.652274,2.7760544782350163,14.64305515498036,0.019998308,0.006287283,0.07929239,0.03062557429075241,0.40736392,-0.30457872,30660,0.7119427,1023.9133,15761.378406307917,41097000.49737859,6410.694228972287,-89819988327.6171,,13.45572,140.85255,11.868132,2.3232618894906456,8.922251027253592
50.30608,0.12054214,0.34719178,50.58775329589844,51.315693,49.432423,51200,1.8832703,2575671.5,11786.69054650916,65492395.441034414,8092.737203260366,814592374.9492621,,20.335634,5758.21,75.88287,123.70113591867428,17303.194723171324,-25.4927,0.2696407,0.5192694,-25.505481719970703,-22.994131,-27.573408,0,4.579277,1305226.2,9888.59701069662,70244475.53517044,8381.197738698833,195787887996.9174,,53.38777,10955.397,104.66804,59.475317176145744,5721.590237751616,-26.370667,0.12993093,0.36045933,-26.44076919555664,-24.074034,-28.008059,0,3.9340248,1350178.0,7190.658234537687,58213415.55807595,7629.771658318219,422478056159.1264,,37.963455,5211.247,72.188965,17.80968369944603,946.9920731015194,0.03644852,0.0027758318,0.052686162,0.03858437016606331,0.2565923,-0.19723506,38694,0.45382738,1866.1641,16006.179477683552,54557506.42238305,7386.305329620693,-307088846883.93097,,8.628929,67.66516,8.2258835,2.505367861228309,16.572762369850864,-0.0008947497,0.0023699137,0.04868176,0.014397213235497475,0.19661531,-0.18806735,25365,0.38468266,45.81118,16635.682553898954,40844963.97922205,6391.006491877633,-191255461524.4716,,7.908116,58.803,7.6683116,2.7202293609947117,14.262280372856246,0.019580763,0.006359055,0.07974368,0.03062557429075241,0.33223614,-0.31679463,30573,0.6490308,1002.53503,15782.210203275503,40978793.78237521,6401.468095864823,-89918935509.66936,,13.518266,142.84013,11.951574,2.4115944674883556,10.039581015974548
50.303223,0.12000556,0.3464182,49.86671447753906,51.248398,49.432423,51200,1.8159752,2575524.8,11838.758362009172,65103119.87882249,8068.650437267839,-3477925994.2562814,,20.174059,5737.291,75.74491,124.06278692694956,17374.70211894952,-25.492043,0.2666818,0.51641244,-25.580387115478516,-23.068068,-27.608356,0,4.540289,1305192.5,9924.053567063122,70406743.53053595,8390.872632243678,192174902905.68674,,53.105453,10834.051,104.08675,60.44180361202498,5857.919837362238,-26.376535,0.12693611,0.35628095,-26.30047035217285,-24.497908,-27.918316,0,3.4204082,1350478.8,7212.715802207748,58310849.09626085,7636.154077561613,421386281249.46216,,37.63649,5082.649,71.2927,18.30355939577652,991.039196947348,0.036237303,0.002747737,0.05241886,0.05529790744185448,0.2565923,-0.19723506,38712,0.45382738,1855.3499,16035.07703215164,54134042.446374916,7357.584008788137,-306459294364.707,,8.617672,66.4213,8.149926,2.4114150454630874,15.437089536762725,-0.0010361285,0.002361488,0.048595145,-0.0002387790009379387,0.19576155,-0.22990188,25204,0.4256634,53.049778,16619.962047626752,40772126.83872885,6385.305539966655,-189815787531.94635,,7.881439,58.791607,7.6675687,2.747823183994338,14.077215723305669,0.018623864,0.006282096,0.07925967,0.016699448227882385,0.3431083,-0.31679463,30423,0.65990293,953.5419,15773.753328820236,40946152.87543297,6398.918101947623,-89405711637.4428,,13.462451,140.41049,11.849493,2.3725592471094927,9.820967718972753
50.305824,0.119042814,0.3450258,50.632659912109375,51.248398,49.463436,51200,1.7849617,2575658.5,13184.3408609272,57501891.4552888,7583.000161894288,-102943135624.55974,,30.776814,5147.814,71.74827,72.21233488461837,7656.023152377569,-1.7361492e+32,inf,inf,-0.0,7.5705966e+34,-8.802613e+36,27,8.878319e+36,8.8890836e+36,0.0,0.0,0.0,0.0,,inf,inf,inf,,,-inf,inf,inf,-0.0,3.5267044e+37,-1.5355349e+38,358,1.8882053e+38,inf,,,,,,nan,nan,nan,,,0.036792163,0.0027103913,0.05206142,0.04004833102226257,0.25098047,-0.16527195,39033,0.41625243,1883.7587,15696.517689115488,55454258.509217955,7446.761612218962,-283439651571.81165,,8.83269,60.76046,7.7948995,2.1288898351307193,8.556669333448678,-0.0015682578,0.0023286194,0.04825577,-0.0009705785778351128,0.20149398,-0.22990188,24922,0.43139586,80.2948,16349.578362598946,42719362.63669258,6536.005097664213,-191292079740.1793,,8.037987,54.616123,7.390272,2.513548721968092,10.539666526015464,0.0190057,0.006251655,0.07906741,0.005705139134079218,0.3580117,-0.35246506,30460,0.71047676,973.09174,15642.586243725318,42660051.38449554,6531.4662507354,-98337266069.27357,,13.7198105,131.86133,11.4830885,2.2363488991083473,8.590498524059004
50.307076,0.11878081,0.34464592,50.005008697509766,51.22883,49.429096,51200,1.7997322,2575722.5,13210.120328949593,57370878.15289799,7574.356616432711,-104588330755.50589,,30.83574,5130.731,71.62912,56.6747081825037,4477.433442246327,-1.7361492e+32,inf,inf,0.0,7.5705966e+34,-8.802613e+36,27,8.878319e+36,8.8890836e+36,0.0,0.0,0.0,0.0,,inf,inf,inf,,,-inf,inf,inf,-0.0,3.5267044e+37,-1.5355349e+38,358,1.8882053e+38,inf,,,,,,nan,nan,nan,,,0.036965653,0.0027311337,0.05226025,0.03602244332432747,0.2492725,-0.1666139,38908,0.4158864,1892.6414,15703.93094645387,55488183.729596905,7449.0391145165095,-284648531474.6199,,8.897344,60.676548,7.7895155,2.037302094330581,6.925575919315853,-0.0025481142,0.0023300226,0.048270307,-0.0008486119913868606,0.20149398,-0.20672823,24532,0.4082222,130.46344,16365.95721765546,42781756.94842898,6540.776479014474,-192138252569.29053,,8.064137,54.266834,7.3666024,2.4197665048458434,9.473309285897779,0.018961584,0.0062680813,0.07917122,0.015355699695646763,0.3580117,-0.35246506,30319,0.71047676,970.83325,15641.752975700678,42834292.15864825,6544.791223457648,-98538148387.31041,,13.754182,131.75424,11.478425,2.181107402468347,8.165121732617445
50.310688,0.11893665,0.34487194,49.92523193359375,51.2573,49.429096,51200,1.8282051,2575907.5,11897.21601563669,64992424.83041799,8061.787942535948,-6703162876.230987,,20.130598,5684.3145,75.394394,124.25358361735543,17405.246229645454,-25.489067,0.26549485,0.51526195,-25.443790435791016,-23.08454,-27.585497,0,4.5009575,1305040.2,10040.510585771779,70571920.99925052,8400.709553320512,181189705124.5884,,52.761215,10809.613,103.96929,60.8173104803723,5893.200915289228,-26.376263,0.12560435,0.35440704,-26.271902084350586,-24.060877,-28.11456,0,4.0536823,1350464.6,7253.31079795462,58653395.22786088,7658.550465189929,420091453676.35846,,37.173172,5049.1016,71.05703,18.71868219767448,1018.6819911996757,0.036982957,0.0027407417,0.052352093,0.0361444391310215,0.2492725,-0.16868785,38865,0.41796035,1893.5275,16043.875236857564,53824900.82593761,7336.545564905708,-305016226397.9969,,8.611758,66.170456,8.134522,2.367219729188278,14.569665547152805,-0.0021077408,0.002371964,0.048702814,-0.0008486119913868606,0.19039501,-0.20672823,24839,0.39712325,107.916336,16644.97183383373,40809752.93537005,6388.251164080045,-191430456579.61032,,7.8687396,59.527534,7.715409,2.7766968131123573,13.995196087897584,0.01891541,0.006288301,0.07929881,0.015355699695646763,0.3967361,-0.29443952,30290,0.6911756,968.469,15774.385177360036,41231483.92248579,6421.174652856422,-90357407634.4269,,13.485957,140.09082,11.835997,2.3465102319809574,9.470985484215195
50.31238,0.11945133,0.34561732,49.98775863647461,51.2573,49.450047,51200,1.8072548,2575994.0,11821.386371548228,65413118.421797454,8087.837685178743,-421184301.480504,,20.270454,5705.033,75.53167,123.81755825617569,17320.16346652998,-25.496956,0.26759902,0.5172997,-25.594478607177734,-22.921387,-28.028574,0,5.1071873,1305444.2,9978.564447391122,70387471.57544573,8389.724165635347,185397494097.96008,,53.281796,10862.126,104.22153,59.99799832749229,5789.754010808408,-26.374825,0.1275709,0.35717067,-26.399139404296875,-23.927593,-28.285713,0,4.35812,1350391.0,7202.432786543799,58352219.354850635,7638.862438534329,422886724532.7693,,37.540398,5122.362,71.57068,18.256898622737094,982.3738066780061,0.037047762,0.002732804,0.052276228,0.0513940155506134,0.24329467,-0.16905384,38984,0.4123485,1896.8455,16020.495633342749,54002518.1828271,7348.640566991088,-304647987863.5599,,8.605785,65.87004,8.116036,2.3549629940407897,14.274799098013611,-0.001964704,0.002394383,0.048932433,-0.010118073783814907,0.23015612,-0.18843324,24904,0.41858935,100.59285,16645.247953181322,40508210.75442889,6364.606095779132,-190961857752.6355,,7.9025974,60.14138,7.7550874,2.7122490310935903,12.738674141154618,0.019851971,0.006398678,0.079991736,0.0013074149610474706,0.3967361,-0.31141964,30568,0.70815575,1016.421,15785.057535066018,40924114.38659934,6397.195822123889,-89805556000.11908,,13.526471,144.64824,12.026979,2.4117224198675435,10.003651808458262
50.300327,0.11936937,0.34549874,50.32013702392578,51.233124,49.4746,51200,1.758522,2575376.5,11783.692577013275,65407606.65963975,8087.496934134798,4201705247.0810523,,20.295845,5699.799,75.49701,123.94426271026825,17354.17457567811,-25.49095,0.2685447,0.518213,-25.5488224029541,-22.921387,-28.028574,0,5.1071873,1305136.5,9958.289665887922,70500426.10862964,8396.453186234628,187546935035.07382,,52.97995,10942.616,104.606964,59.362141200887606,5698.9523678414,-26.374815,0.12847824,0.3584386,-26.45029067993164,-23.927593,-28.285713,0,4.35812,1350390.5,7205.946949532235,58433621.852909386,7644.188763558196,422781064357.7213,,37.396328,5179.603,71.96946,18.04307872107513,957.655475307894,0.037385207,0.0027434274,0.052377738,0.04968606308102608,0.24683256,-0.17466569,39023,0.42149824,1914.1226,16030.412411091576,54046607.77858198,7351.639802015737,-306073563863.5559,,8.612687,66.29846,8.142386,2.349318477193204,14.164501848984566,-0.0022035749,0.0023516999,0.048494328,0.0011028535664081573,0.23015612,-0.18843324,24691,0.41858935,112.82305,16620.282221525697,40669125.857870504,6377.2349696299025,-188898479599.00568,,7.879099,58.32683,7.6372004,2.7388893153381333,14.145661290393887,0.0192998,0.0063735135,0.07983429,0.02879318967461586,0.39453724,-0.31141964,30386,0.7059569,988.14966,15778.3044645687,41236601.25563482,6421.573113780985,-89981761948.30328,,13.506597,143.89743,11.995726,2.4414862785024702,10.20593143848139
50.29428,0.1189076,0.34482983,49.956275939941406,51.243317,49.415207,51200,1.8281097,2575067.0,11876.173235134678,65027595.61101963,8063.96897383786,-2791134859.761941,,20.22478,5679.0273,75.35932,124.56266647349648,17476.714505704065,-25.481392,0.26613867,0.5158863,-25.58943748474121,-22.999487,-27.563293,0,4.5638065,1304647.1,9976.366048084987,70569035.23901516,8400.537794630482,187865624465.68042,,53.022915,10814.878,103.994606,60.657233626380545,5884.001103087806,-26.380482,0.125825,0.3547182,-26.369037628173828,-24.053202,-27.94682,0,3.8936176,1350680.8,7227.3612778092765,58432229.12257526,7644.097665687904,420865905632.58984,,37.380096,5044.9688,71.02795,18.700520087982003,1023.6841769792929,0.03778815,0.002741105,0.05235556,0.021382851526141167,0.2531764,-0.17466569,39118,0.42784208,1934.753,16046.083093494733,53931560.93285865,7343.81106325991,-306403727082.7051,,8.618726,66.07072,8.128389,2.3879154926717656,15.2946630803676,-0.0014714826,0.0023590052,0.04856959,-0.004507610108703375,0.20259167,-0.20989937,24967,0.41249102,75.339905,16637.346093702643,40979439.677250706,6401.518544630696,-191892551142.79047,,7.8942256,58.462433,7.646073,2.660557417663398,13.267919376450298,0.018173914,0.006336677,0.07960325,0.02879318967461586,0.34640658,-0.31874916,30155,0.66515577,930.5043,15799.019729482308,41286305.02330682,6425.442009955955,-91264680970.22281,,13.479242,142.74802,11.947721,2.406154018374057,9.849446018002881
50.297974,0.11938391,0.34551975,50.539241790771484,51.243317,49.415207,51200,1.8281097,2575256.5,11938.102586741777,65098982.79420786,8068.394065376819,-8737154362.556805,,20.16655,5705.768,75.53654,124.52925249624282,17461.649106617984,-25.486073,0.26373506,0.5135514,-25.58943748474121,-23.273243,-27.643305,0,4.370062,1304886.8,10049.633846877216,70574292.52832623,8400.85070265662,180182869695.43314,,52.75554,10720.099,103.53791,61.43284037391564,5985.043788313543,-26.384449,0.12380406,0.35185802,-26.41060447692871,-23.965433,-27.961761,0,3.9963284,1350883.8,7274.495155573978,58909667.40225067,7675.2633441629005,421489209229.3381,,37.07063,4964.542,70.4595,19.096705770319744,1055.3870115652069,0.037882928,0.0026909304,0.05187418,0.0529799722135067,0.25573832,-0.21443658,39290,0.4701749,1939.6057,16057.845351948685,53977835.51095773,7346.9609711061985,-304594790197.86053,,8.533052,64.96557,8.0601225,2.403984955766959,15.385470482589735,-0.000690813,0.00239234,0.048911553,-0.004141710232943296,0.23966952,-0.20989937,25271,0.44956887,35.36962,16679.451321292934,40964841.575047016,6400.378236873741,-191473764323.97833,,7.904151,60.017147,7.7470737,2.7351581371701745,13.796111903748004,0.018047715,0.0063529094,0.07970514,0.008881272748112679,0.34640658,-0.32021508,30205,0.6666217,924.04297,15833.627961859258,41291951.30721667,6425.881364234533,-92711489596.6251,,13.482715,143.48538,11.9785385,2.3660443795348525,9.473977098525943
50.300323,0.11980296,0.34612563,49.95790481567383,51.240494,49.36522,51200,1.8752747,2575376.5,11930.168895842853,65361055.278603114,8084.6184374157765,-8869523306.47541,,20.219208,5725.1055,75.66443,123.89111264460222,17323.407171947652,-25.489597,0.26780728,0.517501,-25.651567459106445,-23.264414,-27.643305,0,4.378891,1305067.2,9985.614507970477,70618627.78276987,8403.489024373737,186688413497.3118,,53.11051,10891.006,104.359985,60.410470914065364,5844.765809243066,-26.381891,0.12731357,0.35681027,-26.591060638427734,-23.965433,-27.961761,0,3.9963284,1350753.0,7235.843383806487,58800911.1637318,7668.175217333769,425367399000.48914,,37.483612,5113.44,71.50832,18.28546702865357,983.1176569514478,0.038027838,0.0027051235,0.0520108,0.04822210222482681,0.25573832,-0.21443658,39288,0.4701749,1947.0251,16025.174033383504,54637530.35317814,7391.720391977645,-307222599323.1258,,8.529248,65.75425,8.108899,2.4349418408907684,15.75571954183691,-0.00048320537,0.0023398318,0.048371807,-0.013533138670027256,0.23966952,-0.20867969,25381,0.4483492,24.740108,16654.822076438395,41287919.54236444,6425.5676435910655,-193454515325.71866,,7.8334312,58.438965,7.6445384,2.6867180464515745,13.583640634095062,0.018537214,0.0064119278,0.08007451,0.05236987769603729,0.35605714,-0.32021508,30286,0.6762722,949.1054,15876.056999161403,41407520.95008638,6434.867593827116,-95240102870.94612,,13.548973,144.72658,12.030236,2.465353847736478,11.05489919801355
50.298443,0.11975575,0.34605744,49.83108901977539,51.242188,49.36522,51200,1.8769684,2575280.0,11864.59134949125,65202780.23731167,8074.823851782258,-3777420480.877726,,20.250124,5721.4263,75.640114,123.70942259205121,17295.56737059359,-25.49531,0.27020928,0.5198166,-25.615930557250977,-23.251417,-27.783094,0,4.5316772,1305359.8,9920.66802763971,70523655.50902914,8397.836358790824,192949357512.15125,,53.237526,11000.488,104.88321,59.79372393605431,5765.749630328687,-26.384636,0.12854847,0.35853657,-26.529979705810547,-24.233377,-28.113682,0,3.8803043,1350893.2,7190.592908639627,58288137.336398445,7634.666812402388,422758478062.48096,,37.65417,5163.8525,71.85995,18.158477342373313,973.0808984118047,0.037308384,0.002766903,0.05260136,0.04761211946606636,0.25159043,-0.2313941,38917,0.48298454,1910.1892,16046.404841439962,54405793.54773018,7376.028304428487,-307412424944.4193,,8.603226,67.658165,8.225458,2.4629036793740435,15.527207974387725,-0.00024218792,0.002358725,0.048566706,-0.013533138670027256,0.18405275,-0.19062865,25522,0.3746814,12.400021,16664.4262770699,41212692.21208022,6419.711224975795,-195541076197.58783,,7.8629265,58.94111,7.6773114,2.6981429416227876,13.42582361380856,0.019981142,0.0063912557,0.079945326,0.022563081234693527,0.35605714,-0.2850333,30686,0.6410904,1023.0343,15818.526824650171,41362708.28805233,6431.384632258619,-93481715255.01952,,13.535349,144.05125,12.002135,2.4668782849104667,10.656134538776532
50.29877,0.11965168,0.34590703,50.619083404541016,51.242188,49.379112,51200,1.8630753,2575297.0,11875.689292040093,65120923.764313884,8069.75363715113,-5468164429.549617,,20.142986,5720.4487,75.63365,124.0788853090428,17365.156605031618,-25.493616,0.26182315,0.51168656,-25.507862091064453,-23.097471,-27.783094,0,4.685623,1305273.1,10042.336298834538,70740206.37057671,8410.719729641258,179844966824.5604,,52.31145,10668.87,103.29022,62.30329782809012,6102.218531022564,-26.382973,0.12121228,0.34815553,-26.349334716796875,-24.233377,-28.113682,0,3.8803043,1350808.0,7258.102614708431,58826614.35294926,7669.850999396876,420597093059.48364,,36.621006,4864.983,69.74943,19.66376201361302,1107.4609394102536,0.036587402,0.002739241,0.05233776,0.02467675879597664,0.29026335,-0.2313941,38800,0.52165747,1873.2749,16078.052879978834,53613481.85882911,7322.122769991576,-303919425822.28314,,8.588903,66.47988,8.15352,2.4602596317521916,15.793358202138668,2.6984293e-05,0.0024136861,0.04912928,0.008054949343204498,0.21173917,-0.19062865,25551,0.40236783,1.3815961,16637.837682543934,40881709.982330956,6393.880666882277,-192564219866.79825,,7.89588,61.23756,7.8254433,2.913420305075542,16.894007504801777,0.020922136,0.0063384473,0.07961436,0.03771079704165459,0.39148325,-0.29676056,30889,0.6882438,1071.2133,15737.847379172174,41260403.460802734,6423.426146598304,-89196670358.92728,,13.474287,142.97284,11.957125,2.490837366733616,10.97035155110155
50.300125,0.11952764,0.34572768,49.817073822021484,51.237576,49.46378,51200,1.7737961,2575366.5,11867.569639454458,65265192.32472687,8078.687537262898,-3700916766.2712545,,20.0612,5717.3726,75.61331,124.25682831135562,17395.35562140271,-25.493338,0.26291552,0.5127529,-25.781211853027344,-23.075771,-27.701988,0,4.626217,1305258.9,9991.57855077413,70480228.769757,8395.250369688625,185265878681.06662,,52.723106,10681.558,103.35162,61.94083606779763,6054.536307959373,-26.37031,0.123389006,0.35126773,-26.51663589477539,-24.135302,-27.95744,0,3.8221378,1350159.8,7237.95696790796,58618478.38611871,7656.270527229214,421701018897.7799,,37.14302,4937.925,70.27037,19.205557053405926,1071.5044288726253,0.036980517,0.0027071326,0.052030113,0.037730395793914795,0.29026335,-0.17832558,39004,0.46858895,1893.4026,16032.891539461547,54071775.47948361,7353.351309401966,-305278807554.49817,,8.550974,65.50187,8.093323,2.4277888321542056,16.238509651790224,0.00064177456,0.0023486447,0.048462816,-0.00633710902184248,0.21173917,-0.19111651,25799,0.4028557,32.858856,16615.275887177504,41000930.01997104,6403.196859379777,-190758412302.5809,,7.8511963,58.613243,7.6559286,2.746497166108438,14.262301260504143,0.020600092,0.006340813,0.07962922,0.04284147545695305,0.39148325,-0.29676056,30763,0.6882438,1054.7247,15770.500279452805,41470476.38603707,6439.757478821471,-90274050964.33698,,13.531137,141.55937,11.897873,2.370138623157594,9.61290162053018
50.29871,0.11935789,0.3454821,49.79609298706055,51.278282,49.46908,51200,1.8092003,2575294.0,11860.859013381152,65319231.36706757,8082.031388646518,-1606444050.1857748,,20.199734,5703.1064,75.51891,123.92152835582627,17330.965906541667,-25.49027,0.26787814,0.5175695,-25.781211853027344,-23.073078,-27.42911,0,4.3560314,1305101.8,9939.30654056864,70309729.01475805,8385.089684359855,190499483950.13232,,53.021835,10904.059,104.4225,59.982845770420035,5792.479906228035,-26.362741,0.12736015,0.35687554,-26.38322639465332,-24.135302,-27.95744,0,3.8221378,1349772.5,7224.701968031527,58405838.729953125,7642.371276636141,421327481665.6856,,37.599464,5107.1245,71.46415,18.44192765137908,999.6546621855446,0.037192766,0.00271128,0.052069955,0.03358251228928566,0.2419527,-0.15917212,39078,0.40112484,1904.2695,16026.445414636897,54165573.18911112,7359.726434393545,-305963614760.2639,,8.514547,66.35085,8.145603,2.432742637898302,14.902570740226048,0.0009001651,0.0023214826,0.048181765,-0.011703639291226864,0.19929858,-0.19977614,25977,0.39907473,46.088448,16628.826632127628,41038742.71935654,6406.148821199562,-192065172724.2849,,7.8247557,57.63355,7.591676,2.634832719370743,12.524845075307017,0.020214899,0.0063973777,0.07998361,0.007781841792166233,0.3514151,-0.30262417,30703,0.65403926,1035.0029,15786.893813473425,41547887.25884182,6445.765063888213,-90995142753.64853,,13.572101,143.34445,11.972654,2.320014676698772,8.869283057546866
50.296505,0.11954082,0.34574676,49.89738464355469,51.278282,49.382812,51200,1.8954697,2575181.0,11902.860458367673,64966011.69609918,8060.1496075506675,-7272484263.51363,,20.072678,5717.587,75.61472,124.05498747286582,17352.909296817026,-25.482666,0.25890267,0.50882477,-25.466869354248047,-23.073078,-27.41868,0,4.345602,1304712.5,10078.129764489113,70353406.53710821,8387.693755562861,173114600123.34735,,52.048306,10546.825,102.69774,62.82090306431239,6179.861674013806,-26.366356,0.11999726,0.34640622,-26.47124671936035,-24.421915,-27.864563,0,3.442648,1349957.2,7284.9703126132945,58862264.81281964,7672.174712089111,417789983523.9957,,36.536366,4808.955,69.34663,19.65148362218342,1109.2158945294839,0.037138168,0.0026905292,0.051870313,0.032484542578458786,0.28562748,-0.1668579,39062,0.45248538,1901.4744,16105.324346128238,53815241.28680234,7335.887218789718,-307914850005.95447,,8.52978,64.99851,8.062165,2.354211295166236,14.180153330317944,-0.00021941682,0.0023516535,0.04849385,-0.0015804115682840347,0.19112682,-0.19977614,25473,0.39090297,11.2341385,16617.88080637796,40902651.31220132,6395.518064410523,-191665798049.6763,,7.8682203,58.496357,7.648291,2.654209420343366,12.619584907703734,0.020365043,0.006399814,0.079998836,-0.00858746375888586,0.3514151,-0.30262417,30751,0.65403926,1042.6902,15789.19136737768,41349714.27040091,6430.374349165133,-92081250109.3149,,13.5768175,143.3423,11.972565,2.3691710381339246,9.759291983653757
50.29762,0.11997403,0.34637266,49.808509826660156,51.22124,49.382812,51200,1.8384285,2575238.0,11899.407012263076,64886780.81833102,8055.233132463083,-7778037369.28589,,19.996483,5742.82,75.781395,124.38865142135792,17422.813291876686,-25.485628,0.25597304,0.50593776,-25.36897850036621,-23.263756,-27.472637,0,4.2088814,1304864.0,10127.081041652616,70590677.42170367,8401.825838572451,169317716070.3646,,51.739525,10428.868,102.12183,64.05723403527465,6346.647127292739,-26.369553,0.11704994,0.34212562,-26.269458770751953,-24.391125,-27.870077,0,3.4789524,1350121.0,7326.4527261767425,59128403.73637758,7689.499576459939,416754569905.4687,,36.08538,4690.803,68.48944,20.242095868243688,1160.399914129797,0.037235007,0.0026877832,0.051843833,0.04200027510523796,0.28562748,-0.19333117,39084,0.47895867,1906.4324,16109.957905464591,53504695.03762599,7314.690358287628,-305959445043.88306,,8.535824,64.75602,8.047112,2.3555479662621077,14.963329697270012,-0.0013391917,0.002361502,0.048595287,0.010250348597764969,0.20917787,-0.17977361,24965,0.38895148,68.56661,16608.41306586157,40768676.65919139,6385.035368671923,-190271694871.1896,,7.877002,58.86184,7.672147,2.6930561667358375,13.301951754558901,0.019642308,0.0064041167,0.080025725,0.03135852888226509,0.3588668,-0.29456168,30540,0.6534285,1005.68616,15793.150546297005,41093338.00387326,6410.408567624474,-92627392696.41226,,13.5796385,143.48419,11.978489,2.401290032235668,9.761413131291679
50.301025,0.120115936,0.34657747,50.09880447387695,51.267242,49.410347,51200,1.8568954,2575412.5,11844.629215147304,65103161.61302639,8068.653023462242,-2943545339.3637977,,20.09046,5746.311,75.80443,124.17778421794884,17385.00346032415,-25.485264,0.26355025,0.51337147,-25.63875961303711,-23.338223,-27.668388,0,4.330166,1304845.5,10020.363541867528,70214448.02050945,8379.406185435186,180976718620.45758,,52.383427,10749.745,103.68098,61.59431204886719,5997.411576384647,-26.371641,0.12368738,0.35169217,-26.400861740112305,-24.251076,-27.870077,0,3.6190014,1350228.0,7267.262299975432,58472010.43052147,7646.699316078897,417086804427.7495,,36.822105,4976.932,70.54738,18.975904262521173,1039.4225526039147,0.037545554,0.0027327072,0.0522753,0.03651043027639389,0.2748918,-0.19333117,39172,0.46822298,1922.3323,16042.257827726287,53913387.38993599,7342.573621689877,-305136606484.1316,,8.585801,66.20062,8.136376,2.426618217310174,15.775802937943045,-0.0015490885,0.0023558126,0.048536714,0.010250348597764969,0.20917787,-0.22660878,24956,0.43578666,79.31334,16607.177155356803,40730911.97658425,6382.077402898232,-190263792505.1198,,7.850777,58.983154,7.680049,2.6986056099785123,13.04418201049623,0.019169485,0.0063563166,0.07972651,0.031480688601732254,0.3588668,-0.29456168,30461,0.6534285,981.4776,15780.514012783266,41069273.85840969,6408.53133396488,-91231382306.52074,,13.556164,141.67691,11.902811,2.392484586832216,9.80502369139222
50.298046,0.11996069,0.3463534,50.5909538269043,51.345486,49.410347,51200,1.9351387,2575260.0,11863.01102821161,65069935.71679622,8066.593811318146,-3696777029.898145,,20.17794,5734.84,75.72872,124.36446691106794,17429.751315256977,-25.485586,0.26792896,0.51761854,-25.708309173583984,-23.32961,-27.668388,0,4.3387775,1304862.0,9966.800426397776,70174187.46050659,8377.003489345494,185409177292.05698,,52.903534,10919.187,104.49491,59.93839510579644,5774.822156145196,-26.377378,0.12869509,0.358741,-26.445404052734375,-24.251076,-27.888557,0,3.6374817,1350521.8,7210.2807860677585,58363030.46835554,7639.570044731283,422295706275.4235,,37.552578,5178.999,71.96526,17.928195728595153,946.9570741208113,0.036776435,0.002781765,0.05274244,0.04261026158928871,0.28757945,-0.17661764,38908,0.4641971,1882.9534,16032.492432732517,54417552.23147977,7376.825349124091,-308452294316.13354,,8.63828,67.807014,8.234502,2.4469639885806997,15.050601093563856,-0.0009563166,0.0023262165,0.048230868,0.010006415657699108,0.20027432,-0.22660878,25230,0.4268831,48.96341,16618.728138545048,40914290.71522634,6396.427965296439,-191348474615.73492,,7.850292,57.475624,7.581268,2.6226975617602775,12.339666982094132,0.019482668,0.0062755086,0.079218104,0.04039829596877098,0.3311367,-0.30335712,30603,0.6344938,997.5127,15754.114723007027,41421117.790292546,6435.924004390709,-90927196839.72646,,13.500378,139.04822,11.791871,2.3322635771093876,9.156834307158263
50.295273,0.12000485,0.34641716,49.956809997558594,51.345486,49.443085,36127,1.902401,1817017.5,8667.338256399567,31525891.00825789,5614.792160735595,-17118095721.709017,,18.623848,3988.6863,63.156048,68.48189884281092,6078.318381754995,-25.488333,0.269143,0.51878995,-25.6978816986084,-23.312952,-27.455038,0,4.142086,920817.0,7125.2767438772025,35442120.32146431,5953.328507773135,66168955272.31293,,46.224716,7586.8735,87.10266,41.5614322812859,3151.3316816028396,-26.378593,0.12846383,0.35841852,-26.36474609375,-24.332455,-27.888557,0,3.5561028,952979.44,5211.557248465258,29893656.999258284,5467.5092134589295,150240955628.68457,,32.419586,3590.1123,59.917545,13.146149900991754,526.2517152437159,0.036302518,0.0027543928,0.05248231,0.060421764850616455,0.28757945,-0.17661764,27415,0.4641971,1311.501,11306.450576716816,27056028.14543758,5201.540939513749,-108078516193.73862,,7.2458243,47.008736,6.856292,2.1955514071490403,8.466292034706859,-0.0012340253,0.0023153573,0.04811816,-0.004385643173009157,0.20027432,-0.20514266,17633,0.40541697,44.581635,11709.338295829019,20544301.303139962,4532.582189341961,-67496215916.19085,,6.5612245,40.599556,6.371778,2.605725752971264,11.285382545723733,0.019733513,0.0063351593,0.07959371,0.010713658295571804,0.32734978,-0.30335712,21591,0.6307069,712.91254,11141.991234555637,20601523.19325977,4538.890083848668,-32402103273.193245,,11.317125,100.79934,10.039887,2.496595244017098,10.641699046655766
